[
  {
    "model": "garage.garage",
    "pk": 1,
    "fields": {
      "name": "Garage V.Parrot",
      "address": "11 Rue Léon Jouhaux",
      "postal_code": "31500",
      "city": "Toulouse",
      "phone_number": "0561234567",
      "contact_email": "contact@garage-vparrot.clementfloret.fr"
    }
  },
  {
    "model": "garage.openingtime",
    "pk": 1,
    "fields": {
      "day": "Lun.",
      "opening_hours": "08h30-12h00, 14h00 - 18h30",
      "garage": 1
    }
  },
  {
    "model": "garage.openingtime",
    "pk": 2,
    "fields": {
      "day": "Mar.",
      "opening_hours": "08h30-12h00, 14h00 - 18h30",
      "garage": 1
    }
  },
  {
    "model": "garage.openingtime",
    "pk": 3,
    "fields": {
      "day": "Mer.",
      "opening_hours": "09h00-12h00, 14h00 - 17h00",
      "garage": 1
    }
  },
  {
    "model": "garage.openingtime",
    "pk": 4,
    "fields": {
      "day": "Jeu.",
      "opening_hours": "08h30-12h00, 14h00 - 18h30",
      "garage": 1
    }
  },
  {
    "model": "garage.openingtime",
    "pk": 5,
    "fields": {
      "day": "Ven.",
      "opening_hours": "08h30-12h00, 14h00 - 18h30",
      "garage": 1
    }
  },
  {
    "model": "garage.openingtime",
    "pk": 6,
    "fields": {
      "day": "Sam.",
      "opening_hours": "08h30-12h00",
      "garage": 1
    }
  },
  {
    "model": "garage.openingtime",
    "pk": 7,
    "fields": {
      "day": "Dim.",
      "opening_hours": "Fermé",
      "garage": 1
    }
  },
  {
    "model": "garage.servicetype",
    "pk": 1,
    "fields": {
      "name": "Mécanique",
      "image": "uploads/2023/10/img-17.jpg"
    }
  },
  {
    "model": "garage.servicetype",
    "pk": 2,
    "fields": {
      "name": "Carrosserie",
      "image": "uploads/2023/10/img-7.jpg"
    }
  },
  {
    "model": "garage.servicetype",
    "pk": 3,
    "fields": {
      "name": "Entretien",
      "image": "uploads/2023/10/img-23.jpg"
    }
  },
  {
    "model": "garage.service",
    "pk": 1,
    "fields": {
      "name": "Motorisation",
      "type": 1,
      "garage": 1
    }
  },
  {
    "model": "garage.service",
    "pk": 2,
    "fields": {
      "name": "Système de freinage",
      "type": 1,
      "garage": 1
    }
  },
  {
    "model": "garage.service",
    "pk": 3,
    "fields": {
      "name": "Direction et Suspension",
      "type": 1,
      "garage": 1
    }
  },
  {
    "model": "garage.service",
    "pk": 4,
    "fields": {
      "name": "Échappement",
      "type": 1,
      "garage": 1
    }
  },
  {
    "model": "garage.service",
    "pk": 5,
    "fields": {
      "name": "Démarrage",
      "type": 1,
      "garage": 1
    }
  },
  {
    "model": "garage.service",
    "pk": 6,
    "fields": {
      "name": "Pneumatique",
      "type": 1,
      "garage": 1
    }
  },
  {
    "model": "garage.service",
    "pk": 7,
    "fields": {
      "name": "Débosselage",
      "type": 2,
      "garage": 1
    }
  },
  {
    "model": "garage.service",
    "pk": 8,
    "fields": {
      "name": "Peinture",
      "type": 2,
      "garage": 1
    }
  },
  {
    "model": "garage.service",
    "pk": 9,
    "fields": {
      "name": "Vitrage",
      "type": 2,
      "garage": 1
    }
  },
  {
    "model": "garage.service",
    "pk": 10,
    "fields": {
      "name": "Remplacements de pièces de carrosserie",
      "type": 2,
      "garage": 1
    }
  },
  {
    "model": "garage.service",
    "pk": 11,
    "fields": {
      "name": "Dé-voilage des jantes",
      "type": 2,
      "garage": 1
    }
  },
  {
    "model": "garage.service",
    "pk": 12,
    "fields": {
      "name": "Révision périodique",
      "type": 3,
      "garage": 1
    }
  },
  {
    "model": "garage.service",
    "pk": 13,
    "fields": {
      "name": "Pré-contrôle technique",
      "type": 3,
      "garage": 1
    }
  },
  {
    "model": "garage.service",
    "pk": 14,
    "fields": {
      "name": "Vidange et filtres",
      "type": 3,
      "garage": 1
    }
  },
  {
    "model": "garage.service",
    "pk": 15,
    "fields": {
      "name": "Courroie de distribution",
      "type": 3,
      "garage": 1
    }
  },
  {
    "model": "garage.service",
    "pk": 16,
    "fields": {
      "name": "Climatisation",
      "type": 3,
      "garage": 1
    }
  },
  {
    "model": "garage.service",
    "pk": 17,
    "fields": {
      "name": "Décontamination",
      "type": 3,
      "garage": 1
    }
  },
  {
    "model": "garage.vehicle",
    "pk": 1,
    "fields": {
      "name": "BMW 5 Series",
      "price": 25000,
      "year": 2018,
      "km": 12400,
      "garage": 1
    }
  },
  {
    "model": "garage.vehicle",
    "pk": 2,
    "fields": {
      "name": "Mercedes C Class",
      "price": 22000,
      "year": 2012,
      "km": 231000,
      "garage": 1
    }
  },
  {
    "model": "garage.vehicle",
    "pk": 3,
    "fields": {
      "name": "BMW X1",
      "price": 25000,
      "year": 2015,
      "km": 33700,
      "garage": 1
    }
  },
  {
    "model": "garage.vehicle",
    "pk": 4,
    "fields": {
      "name": "Acura MDX",
      "price": 14000,
      "year": 2010,
      "km": 180000,
      "garage": 1
    }
  },
  {
    "model": "garage.vehicle",
    "pk": 5,
    "fields": {
      "name": "Ford Explorer",
      "price": 11000,
      "year": 2009,
      "km": 320000,
      "garage": 1
    }
  },
  {
    "model": "garage.vehicle",
    "pk": 6,
    "fields": {
      "name": "Ford Kuga",
      "price": 16400,
      "year": 2016,
      "km": 7000,
      "garage": 1
    }
  },
  {
    "model": "garage.vehicle",
    "pk": 7,
    "fields": {
      "name": "Range Rover",
      "price": 28900,
      "year": 2022,
      "km": 21500,
      "garage": 1
    }
  },
  {
    "model": "garage.vehicle",
    "pk": 8,
    "fields": {
      "name": "Lexus ES",
      "price": 38600,
      "year": 2021,
      "km": 11800,
      "garage": 1
    }
  },
  {
    "model": "garage.vehicle",
    "pk": 9,
    "fields": {
      "name": "Mercedes A Class",
      "price": 31300,
      "year": 2019,
      "km": 43500,
      "garage": 1
    }
  },
  {
    "model": "garage.vehicle",
    "pk": 10,
    "fields": {
      "name": "Mercedes GLA Class",
      "price": 34300,
      "year": 2020,
      "km": 6500,
      "garage": 1
    }
  },
  {
    "model": "garage.vehicle",
    "pk": 11,
    "fields": {
      "name": "Skoda Fabia",
      "price": 8600,
      "year": 2011,
      "km": 264900,
      "garage": 1
    }
  },
  {
    "model": "garage.vehicle",
    "pk": 12,
    "fields": {
      "name": "Skodia Felicia",
      "price": 11800,
      "year": 2014,
      "km": 194800,
      "garage": 1
    }
  },
  {
    "model": "garage.vehicle",
    "pk": 13,
    "fields": {
      "name": "Skoda Octavia",
      "price": 15700,
      "year": 2016,
      "km": 137700,
      "garage": 1
    }
  },
  {
    "model": "garage.vehicle",
    "pk": 14,
    "fields": {
      "name": "Tesla Model X",
      "price": 21000,
      "year": 2020,
      "km": 43000,
      "garage": 1
    }
  },
  {
    "model": "garage.vehicle",
    "pk": 15,
    "fields": {
      "name": "Toyota Avensis",
      "price": 8400,
      "year": 2010,
      "km": 291000,
      "garage": 1
    }
  },
  {
    "model": "garage.vehicle",
    "pk": 16,
    "fields": {
      "name": "Toyota Highlander",
      "price": 22800,
      "year": 2018,
      "km": 112000,
      "garage": 1
    }
  },
  {
    "model": "garage.vehicle",
    "pk": 17,
    "fields": {
      "name": "Toyota Tundra",
      "price": 20000,
      "year": 2022,
      "km": 64800,
      "garage": 1
    }
  },
  {
    "model": "garage.vehiclepicture",
    "pk": 1,
    "fields": {
      "vehicle": 1,
      "picture": "uploads/2023/10/bmw-5-series.webp"
    }
  },
  {
    "model": "garage.vehiclepicture",
    "pk": 2,
    "fields": {
      "vehicle": 2,
      "picture": "uploads/2023/10/mercedes-c-class.webp"
    }
  },
  {
    "model": "garage.vehiclepicture",
    "pk": 3,
    "fields": {
      "vehicle": 3,
      "picture": "uploads/2023/10/bmw-x1.webp"
    }
  },
  {
    "model": "garage.vehiclepicture",
    "pk": 4,
    "fields": {
      "vehicle": 4,
      "picture": "uploads/2023/10/acura-mdx.webp"
    }
  },
  {
    "model": "garage.vehiclepicture",
    "pk": 5,
    "fields": {
      "vehicle": 5,
      "picture": "uploads/2023/10/ford-explorer.webp"
    }
  },
  {
    "model": "garage.vehiclepicture",
    "pk": 6,
    "fields": {
      "vehicle": 6,
      "picture": "uploads/2023/10/ford-kuga.webp"
    }
  },
  {
    "model": "garage.vehiclepicture",
    "pk": 7,
    "fields": {
      "vehicle": 7,
      "picture": "uploads/2023/10/land-rover-range-rover.webp"
    }
  },
  {
    "model": "garage.vehiclepicture",
    "pk": 8,
    "fields": {
      "vehicle": 8,
      "picture": "uploads/2023/10/lexus-es.webp"
    }
  },
  {
    "model": "garage.vehiclepicture",
    "pk": 9,
    "fields": {
      "vehicle": 9,
      "picture": "uploads/2023/10/mercedes-a-class.webp"
    }
  },
  {
    "model": "garage.vehiclepicture",
    "pk": 10,
    "fields": {
      "vehicle": 10,
      "picture": "uploads/2023/10/mercedes-benz-gla-class.webp"
    }
  },
  {
    "model": "garage.vehiclepicture",
    "pk": 11,
    "fields": {
      "vehicle": 11,
      "picture": "uploads/2023/10/skoda-fabia.webp"
    }
  },
  {
    "model": "garage.vehiclepicture",
    "pk": 12,
    "fields": {
      "vehicle": 12,
      "picture": "uploads/2023/10/skoda-felicia.webp"
    }
  },
  {
    "model": "garage.vehiclepicture",
    "pk": 13,
    "fields": {
      "vehicle": 13,
      "picture": "uploads/2023/10/skoda-octavia.webp"
    }
  },
  {
    "model": "garage.vehiclepicture",
    "pk": 14,
    "fields": {
      "vehicle": 14,
      "picture": "uploads/2023/10/tesla-model-x.webp"
    }
  },
  {
    "model": "garage.vehiclepicture",
    "pk": 15,
    "fields": {
      "vehicle": 15,
      "picture": "uploads/2023/10/toyota-avensis.webp"
    }
  },
  {
    "model": "garage.vehiclepicture",
    "pk": 16,
    "fields": {
      "vehicle": 16,
      "picture": "uploads/2023/10/toyota-highlander.webp"
    }
  },
  {
    "model": "garage.vehiclepicture",
    "pk": 17,
    "fields": {
      "vehicle": 17,
      "picture": "uploads/2023/10/toyota-tundra.webp"
    }
  },
  {
    "model": "garage.customerreview",
    "pk": 1,
    "fields": {
      "name": "Raphaël J",
      "message": "Je suis un client régulier de Garage V.Parrot depuis deux ans maintenant et je dois dire que la qualité de leurs services ne m’a jamais déçu. \r\nDe l'entretien de routine aux réparations plus complexes, l'équipe du garage a toujours été efficace dans son travail. Ils utilisent uniquement des pièces de qualité, garantissant la longévité et la sécurité de mon véhicule.",
      "rating": 4,
      "valid": true,
      "date": "2023-10-05T14:10:58.480Z",
      "validator": 2,
      "garage": 1
    }
  },
  {
    "model": "garage.customerreview",
    "pk": 2,
    "fields": {
      "name": "Valéry Kaplan",
      "message": "Ce qui distingue le Garage V.Parrot des autres garages, c'est leur engagement à fournir le meilleur niveau de service possible. Ils apprécient vraiment leurs clients et prennent le temps d'expliquer les problèmes et les solutions de manière claire et concise. \r\nJe recommande vivement le Garage V.Parrot pour sa qualité, ses services et sa fiabilité.",
      "rating": 5,
      "valid": null,
      "date": "2023-10-05T14:18:22.945Z",
      "validator": null,
      "garage": 1
    }
  },
  {
    "model": "garage.customerreview",
    "pk": 3,
    "fields": {
      "name": "Rémi Chapuis",
      "message": "L'équipe du Garage V.Parrot est vraiment compétente et qualifiée. \r\nJ’ai eu le sentiment que mon véhicule était entre de bonnes mains. \r\nJe recommande vivement Garage V.Parrot à tous ceux qui recherchent un service de qualité, fiable et rapide pour leur véhicule.\r\nMerci au Garage V.Parrot, pour le travail bien fait !",
      "rating": 4,
      "valid": true,
      "date": "2023-10-05T14:19:21.614Z",
      "validator": 2,
      "garage": 1
    }
  },
  {
    "model": "garage.customerreview",
    "pk": 4,
    "fields": {
      "name": "Marie Dupont",
      "message": "Je tiens à exprimer ma grande satisfaction envers le Garage V.Parrot. J'ai récemment fait réparer mon véhicule chez eux et le service était impeccable. L'équipe était professionnelle, efficace et aimable. Ils ont résolu le problème rapidement et à un prix raisonnable. \r\nJe recommande ce garage à tous ceux qui ont besoin d'un service de qualité et fiable.",
      "rating": 3,
      "valid": true,
      "date": "2023-10-05T14:20:13.069Z",
      "validator": 3,
      "garage": 1
    }
  },
  {
    "model": "garage.customerreview",
    "pk": 5,
    "fields": {
      "name": "vnskjbvdjkohizabhiogfn",
      "message": "zfaoiebuzebgoiehgioahtubiugbjzerabg",
      "rating": 0,
      "valid": false,
      "date": "2023-10-05T14:21:39.886Z",
      "validator": 3,
      "garage": 1
    }
  },
  {
    "model": "garage.customerreview",
    "pk": 6,
    "fields": {
      "name": "Julien Martin",
      "message": "Je suis extrêmement satisfait des services offerts par le Garage V.Parrot. \r\n\r\nJ'ai amené ma voiture pour une révision et j'ai été impressionné par l'accueil chaleureux du personnel et leur expertise. Ils ont fait un excellent travail et m'ont expliqué en détail toutes les réparations effectuées. Le prix était également très compétitif. \r\n\r\nJe recommande vivement ce garage à tous ceux qui recherchent un service de confiance.",
      "rating": 3,
      "valid": null,
      "date": "2023-10-05T14:22:20.848Z",
      "validator": null,
      "garage": 1
    }
  },
  {
    "model": "garage.customerreview",
    "pk": 7,
    "fields": {
      "name": "Isabelle Leclerc",
      "message": "Je suis très contente d'avoir choisi le Garage V.Parrot pour la réparation de ma voiture. Ils ont résolu le problème rapidement et efficacement. Leur équipe est compétente, professionnelle et sympathique. \r\nDe plus, le prix était raisonnable et transparent, sans surprises. Je suis entièrement satisfaite du service et je les recommande à tous ceux qui ont besoin d'un excellent garage.",
      "rating": 5,
      "valid": true,
      "date": "2023-10-05T14:23:11.635Z",
      "validator": 3,
      "garage": 1
    }
  },
  {
    "model": "garage.customerreview",
    "pk": 8,
    "fields": {
      "name": "Thomas Dubois",
      "message": "Je tenais à remercier le Garage V.Parrot pour leur excellent travail. \r\nJ'ai fait réparer ma voiture chez eux et je suis très impressionné par leur professionnalisme et leur fiabilité. Leur équipe a résolu le problème rapidement avec des compétences remarquables. \r\nDe plus, le prix était très raisonnable pour les réparations effectuées. Je recommande vivement ce garage à tous ceux qui ont besoin d'un service de qualité supérieure.",
      "rating": 2,
      "valid": true,
      "date": "2023-10-05T14:23:52.387Z",
      "validator": 2,
      "garage": 1
    }
  },
  {
    "model": "garage.customerreview",
    "pk": 9,
    "fields": {
      "name": "Sergio",
      "message": "Bof, que des incompétents.\r\nJe ne reviendrais plus.",
      "rating": 1,
      "valid": false,
      "date": "2023-10-05T14:25:00.377Z",
      "validator": 3,
      "garage": 1
    }
  },
  {
    "model": "garage.customermessage",
    "pk": 1,
    "fields": {
      "first_name": "Marion",
      "last_name": "Petit",
      "email": "marion-petit@yahoo.fr",
      "phone_number": "0655428910",
      "subject": "Volvo Xc40",
      "message": "Bonjour,\r\nje suis intéressée par une voiture d'occasion que j'ai vue sur votre site web, une Volvo Xc40. Pouvez-vous me donner plus d'informations sur les caractéristiques du véhicule ?\r\nManon Petit",
      "date": "2023-10-05T14:27:00.632Z",
      "garage": 1
    }
  },
  {
    "model": "garage.customermessage",
    "pk": 2,
    "fields": {
      "first_name": "Nicolas",
      "last_name": "Durand",
      "email": "nico.durand@outlook.fr",
      "phone_number": "0953886752",
      "subject": "Avancement des travaux sur ma voiture",
      "message": "Bonjour,\r\nje voulais savoir où en est la réparation de ma voiture que j'ai déposée chez vous la semaine dernière. Pouvez-vous me donner l'avancement des travaux ? Merci.\r\nBien cordialement,\r\nNicolas Lambert",
      "date": "2023-10-05T14:28:02.549Z",
      "garage": 1
    }
  },
  {
    "model": "garage.customermessage",
    "pk": 3,
    "fields": {
      "first_name": "Sophie",
      "last_name": "Lambert",
      "email": "sophie.lb@gmail.com",
      "phone_number": "0623894099",
      "subject": "Prise de rendez-vous",
      "message": "Bonjour, \r\nJe m'appelle Sophie Dubois et je souhaite prendre rendez-vous pour une révision de ma moto. Pouvez-vous me dire quand vous avez des disponibilités ? Vous pouvez me recontacter par email ou par téléphone en fin d'après-midi. \r\nCordialement, Sophie Dubois",
      "date": "2023-10-05T14:29:43.056Z",
      "garage": 1
    }
  },
  {
    "model": "garage.customermessage",
    "pk": 4,
    "fields": {
      "first_name": "Martin",
      "last_name": "Duval",
      "email": "martinduval@gmail.com",
      "phone_number": "0189395641",
      "subject": null,
      "message": "Bonjour, \r\n\r\nj'ai besoin de faire réparer ma voiture qui a des problèmes de freins. Je ne sais pas d'où provient ce problème. J'aimerais vous amener ma voiture pour un diagnostique. Avez vous des disponibilités en semaine, en fin de journée ? \r\nMerci d'avance, \r\nMartin Dupont",
      "date": "2023-10-05T14:30:24.085Z",
      "garage": 1
    }
  },
  {
    "model": "garage.customermessage",
    "pk": 5,
    "fields": {
      "first_name": "Pierre",
      "last_name": "Gonthier",
      "email": "pierre.gonthier@icloud.com",
      "phone_number": "0645982376",
      "subject": "Audi E-tron",
      "message": "Bonjour, je serais intéressé par un de vos véhicules d'occasion, une Audi E tron. \r\nMerci d'avance, Cordialement, \r\nPierre Durand",
      "date": "2023-10-05T14:31:07.746Z",
      "garage": 1
    }
  }
]