[
  {
    "model": "admin.logentry",
    "pk": 1,
    "fields": {
      "action_time": "2023-07-08T16:21:06.066Z",
      "user": 1,
      "content_type": 3,
      "object_id": "1",
      "object_repr": "owner",
      "action_flag": 1,
      "change_message": "[{\"added\": {}}]"
    }
  },
  {
    "model": "admin.logentry",
    "pk": 2,
    "fields": {
      "action_time": "2023-07-08T16:21:33.653Z",
      "user": 1,
      "content_type": 3,
      "object_id": "1",
      "object_repr": "propriétaire",
      "action_flag": 2,
      "change_message": "[{\"changed\": {\"fields\": [\"Name\"]}}]"
    }
  },
  {
    "model": "admin.logentry",
    "pk": 3,
    "fields": {
      "action_time": "2023-07-08T16:22:53.715Z",
      "user": 1,
      "content_type": 4,
      "object_id": "2",
      "object_repr": "vincent_parrot",
      "action_flag": 1,
      "change_message": "[{\"added\": {}}]"
    }
  },
  {
    "model": "admin.logentry",
    "pk": 4,
    "fields": {
      "action_time": "2023-07-08T16:24:17.061Z",
      "user": 1,
      "content_type": 4,
      "object_id": "2",
      "object_repr": "vincent_parrot",
      "action_flag": 2,
      "change_message": "[{\"changed\": {\"fields\": [\"First name\", \"Last name\", \"Staff status\", \"Groups\"]}}]"
    }
  },
  {
    "model": "admin.logentry",
    "pk": 5,
    "fields": {
      "action_time": "2023-07-08T16:24:26.166Z",
      "user": 1,
      "content_type": 4,
      "object_id": "1",
      "object_repr": "floretcl",
      "action_flag": 2,
      "change_message": "[]"
    }
  },
  {
    "model": "admin.logentry",
    "pk": 6,
    "fields": {
      "action_time": "2023-07-08T16:31:24.885Z",
      "user": 1,
      "content_type": 3,
      "object_id": "2",
      "object_repr": "employé",
      "action_flag": 1,
      "change_message": "[{\"added\": {}}]"
    }
  },
  {
    "model": "admin.logentry",
    "pk": 7,
    "fields": {
      "action_time": "2023-07-08T16:40:37.587Z",
      "user": 1,
      "content_type": 4,
      "object_id": "2",
      "object_repr": "vincent_parrot",
      "action_flag": 2,
      "change_message": "[{\"changed\": {\"fields\": [\"Email address\"]}}]"
    }
  },
  {
    "model": "admin.logentry",
    "pk": 8,
    "fields": {
      "action_time": "2023-07-08T17:56:00.896Z",
      "user": 1,
      "content_type": 4,
      "object_id": "1",
      "object_repr": "floretcl",
      "action_flag": 2,
      "change_message": "[{\"changed\": {\"fields\": [\"Last login\"]}}]"
    }
  },
  {
    "model": "admin.logentry",
    "pk": 9,
    "fields": {
      "action_time": "2023-07-08T17:57:41.779Z",
      "user": 1,
      "content_type": 8,
      "object_id": "1",
      "object_repr": "témoignage de coucou reçu le 08/07/2023, 19:57:39",
      "action_flag": 1,
      "change_message": "[{\"added\": {}}]"
    }
  },
  {
    "model": "admin.logentry",
    "pk": 10,
    "fields": {
      "action_time": "2023-07-08T17:59:51.450Z",
      "user": 1,
      "content_type": 8,
      "object_id": "2",
      "object_repr": "témoignage de test reçu le 08/07/2023, 17:59:42",
      "action_flag": 1,
      "change_message": "[{\"added\": {}}]"
    }
  },
  {
    "model": "admin.logentry",
    "pk": 11,
    "fields": {
      "action_time": "2023-07-08T18:00:20.842Z",
      "user": 1,
      "content_type": 8,
      "object_id": "2",
      "object_repr": "témoignage de test reçu le 08/07/2023, 20:00:19",
      "action_flag": 2,
      "change_message": "[{\"changed\": {\"fields\": [\"Date d'envoi\"]}}]"
    }
  },
  {
    "model": "admin.logentry",
    "pk": 12,
    "fields": {
      "action_time": "2023-07-08T18:00:45.761Z",
      "user": 1,
      "content_type": 8,
      "object_id": "3",
      "object_repr": "témoignage de test reçu le 08/07/2023, 20:00:44",
      "action_flag": 1,
      "change_message": "[{\"added\": {}}]"
    }
  },
  {
    "model": "admin.logentry",
    "pk": 13,
    "fields": {
      "action_time": "2023-07-13T17:17:39.893Z",
      "user": 1,
      "content_type": 8,
      "object_id": "3",
      "object_repr": "témoignage de test reçu le 08/07/2023, 20:00:44",
      "action_flag": 3,
      "change_message": ""
    }
  },
  {
    "model": "admin.logentry",
    "pk": 14,
    "fields": {
      "action_time": "2023-07-13T17:17:39.903Z",
      "user": 1,
      "content_type": 8,
      "object_id": "2",
      "object_repr": "témoignage de test reçu le 08/07/2023, 20:00:19",
      "action_flag": 3,
      "change_message": ""
    }
  },
  {
    "model": "admin.logentry",
    "pk": 15,
    "fields": {
      "action_time": "2023-07-13T17:17:39.904Z",
      "user": 1,
      "content_type": 8,
      "object_id": "1",
      "object_repr": "témoignage de coucou reçu le 08/07/2023, 19:57:39",
      "action_flag": 3,
      "change_message": ""
    }
  },
  {
    "model": "admin.logentry",
    "pk": 16,
    "fields": {
      "action_time": "2023-07-14T13:31:10.575Z",
      "user": 1,
      "content_type": 8,
      "object_id": "4",
      "object_repr": "témoignage de test reçu le 14/07/2023, 15:31:10",
      "action_flag": 1,
      "change_message": "[{\"added\": {}}]"
    }
  },
  {
    "model": "admin.logentry",
    "pk": 17,
    "fields": {
      "action_time": "2023-07-14T13:31:30.925Z",
      "user": 1,
      "content_type": 8,
      "object_id": "4",
      "object_repr": "témoignage de test reçu le 14/07/2023, 15:31:10",
      "action_flag": 3,
      "change_message": ""
    }
  },
  {
    "model": "admin.logentry",
    "pk": 18,
    "fields": {
      "action_time": "2023-07-14T13:31:47.944Z",
      "user": 1,
      "content_type": 7,
      "object_id": "9",
      "object_repr": "message de clément Floret reçu le 13/07/2023, 20:34:03",
      "action_flag": 3,
      "change_message": ""
    }
  },
  {
    "model": "admin.logentry",
    "pk": 19,
    "fields": {
      "action_time": "2023-07-14T13:31:47.949Z",
      "user": 1,
      "content_type": 7,
      "object_id": "8",
      "object_repr": "message de c f reçu le 13/07/2023, 20:29:19",
      "action_flag": 3,
      "change_message": ""
    }
  },
  {
    "model": "admin.logentry",
    "pk": 20,
    "fields": {
      "action_time": "2023-07-14T13:31:47.951Z",
      "user": 1,
      "content_type": 7,
      "object_id": "7",
      "object_repr": "message de c f reçu le 13/07/2023, 20:28:45",
      "action_flag": 3,
      "change_message": ""
    }
  },
  {
    "model": "admin.logentry",
    "pk": 21,
    "fields": {
      "action_time": "2023-07-14T13:31:47.953Z",
      "user": 1,
      "content_type": 7,
      "object_id": "6",
      "object_repr": "message de c f reçu le 13/07/2023, 20:28:28",
      "action_flag": 3,
      "change_message": ""
    }
  },
  {
    "model": "admin.logentry",
    "pk": 22,
    "fields": {
      "action_time": "2023-07-14T13:31:47.955Z",
      "user": 1,
      "content_type": 7,
      "object_id": "5",
      "object_repr": "message de c f reçu le 13/07/2023, 20:28:20",
      "action_flag": 3,
      "change_message": ""
    }
  },
  {
    "model": "admin.logentry",
    "pk": 23,
    "fields": {
      "action_time": "2023-07-14T13:31:47.957Z",
      "user": 1,
      "content_type": 7,
      "object_id": "4",
      "object_repr": "message de c f reçu le 13/07/2023, 20:28:09",
      "action_flag": 3,
      "change_message": ""
    }
  },
  {
    "model": "admin.logentry",
    "pk": 24,
    "fields": {
      "action_time": "2023-07-14T13:31:47.959Z",
      "user": 1,
      "content_type": 7,
      "object_id": "3",
      "object_repr": "message de c f reçu le 13/07/2023, 20:26:07",
      "action_flag": 3,
      "change_message": ""
    }
  },
  {
    "model": "admin.logentry",
    "pk": 25,
    "fields": {
      "action_time": "2023-07-14T13:31:47.960Z",
      "user": 1,
      "content_type": 7,
      "object_id": "2",
      "object_repr": "message de c f reçu le 13/07/2023, 20:23:54",
      "action_flag": 3,
      "change_message": ""
    }
  },
  {
    "model": "admin.logentry",
    "pk": 26,
    "fields": {
      "action_time": "2023-07-14T13:31:47.961Z",
      "user": 1,
      "content_type": 7,
      "object_id": "1",
      "object_repr": "message de c f reçu le 13/07/2023, 20:21:52",
      "action_flag": 3,
      "change_message": ""
    }
  },
  {
    "model": "admin.logentry",
    "pk": 27,
    "fields": {
      "action_time": "2023-07-14T13:58:50.100Z",
      "user": 1,
      "content_type": 7,
      "object_id": "10",
      "object_repr": "message de clément Floret reçu le 14/07/2023, 15:48:00",
      "action_flag": 3,
      "change_message": ""
    }
  },
  {
    "model": "admin.logentry",
    "pk": 28,
    "fields": {
      "action_time": "2023-07-14T17:59:16.573Z",
      "user": 1,
      "content_type": 7,
      "object_id": "13",
      "object_repr": "message de test test reçu le 14/07/2023, 19:59:01",
      "action_flag": 3,
      "change_message": ""
    }
  },
  {
    "model": "admin.logentry",
    "pk": 29,
    "fields": {
      "action_time": "2023-07-14T19:24:29.387Z",
      "user": 1,
      "content_type": 8,
      "object_id": "5",
      "object_repr": "témoignage de Hello reçu le 14/07/2023, 21:24:09",
      "action_flag": 3,
      "change_message": ""
    }
  },
  {
    "model": "admin.logentry",
    "pk": 30,
    "fields": {
      "action_time": "2023-07-14T21:05:25.692Z",
      "user": 1,
      "content_type": 8,
      "object_id": "8",
      "object_repr": "témoignage de Clément reçu le 14/07/2023, 23:05:11",
      "action_flag": 3,
      "change_message": ""
    }
  },
  {
    "model": "admin.logentry",
    "pk": 31,
    "fields": {
      "action_time": "2023-07-14T21:05:35.448Z",
      "user": 1,
      "content_type": 8,
      "object_id": "7",
      "object_repr": "témoignage de Clément reçu le 14/07/2023, 23:04:40",
      "action_flag": 3,
      "change_message": ""
    }
  },
  {
    "model": "admin.logentry",
    "pk": 32,
    "fields": {
      "action_time": "2023-07-15T15:58:10.314Z",
      "user": 1,
      "content_type": 10,
      "object_id": "Garage V.Parrot",
      "object_repr": "Garage V.Parrot",
      "action_flag": 1,
      "change_message": "[{\"added\": {}}]"
    }
  },
  {
    "model": "admin.logentry",
    "pk": 33,
    "fields": {
      "action_time": "2023-07-15T15:58:40.020Z",
      "user": 1,
      "content_type": 7,
      "object_id": "12",
      "object_repr": "message de John Doe reçu le 14/07/2023, 18:43:39",
      "action_flag": 3,
      "change_message": ""
    }
  },
  {
    "model": "admin.logentry",
    "pk": 34,
    "fields": {
      "action_time": "2023-07-15T15:58:40.023Z",
      "user": 1,
      "content_type": 7,
      "object_id": "11",
      "object_repr": "message de Clément Floret reçu le 14/07/2023, 17:53:21",
      "action_flag": 3,
      "change_message": ""
    }
  },
  {
    "model": "admin.logentry",
    "pk": 35,
    "fields": {
      "action_time": "2023-07-15T16:00:09.045Z",
      "user": 1,
      "content_type": 7,
      "object_id": "14",
      "object_repr": "message de Manon Petit reçu le 15/07/2023, 18:00:09",
      "action_flag": 1,
      "change_message": "[{\"added\": {}}]"
    }
  },
  {
    "model": "admin.logentry",
    "pk": 36,
    "fields": {
      "action_time": "2023-07-15T16:01:26.577Z",
      "user": 1,
      "content_type": 7,
      "object_id": "15",
      "object_repr": "message de Nicolas Durand reçu le 15/07/2023, 18:01:26",
      "action_flag": 1,
      "change_message": "[{\"added\": {}}]"
    }
  },
  {
    "model": "admin.logentry",
    "pk": 37,
    "fields": {
      "action_time": "2023-07-15T16:02:15.041Z",
      "user": 1,
      "content_type": 7,
      "object_id": "16",
      "object_repr": "message de Sophie Lambert reçu le 15/07/2023, 18:02:15",
      "action_flag": 1,
      "change_message": "[{\"added\": {}}]"
    }
  },
  {
    "model": "admin.logentry",
    "pk": 38,
    "fields": {
      "action_time": "2023-07-15T16:04:42.156Z",
      "user": 1,
      "content_type": 7,
      "object_id": "19",
      "object_repr": "message de Martin Duval reçu le 15/07/2023, 18:04:42",
      "action_flag": 1,
      "change_message": "[{\"added\": {}}]"
    }
  },
  {
    "model": "admin.logentry",
    "pk": 39,
    "fields": {
      "action_time": "2023-07-15T16:07:13.105Z",
      "user": 1,
      "content_type": 7,
      "object_id": "20",
      "object_repr": "Message de Pierrre Gonthier reçu le 15/07/2023, 18:07:13",
      "action_flag": 1,
      "change_message": "[{\"added\": {}}]"
    }
  },
  {
    "model": "admin.logentry",
    "pk": 40,
    "fields": {
      "action_time": "2023-07-15T16:07:21.935Z",
      "user": 1,
      "content_type": 8,
      "object_id": "6",
      "object_repr": "Témoignage de Clément reçu le 14/07/2023, 23:04:13",
      "action_flag": 3,
      "change_message": ""
    }
  },
  {
    "model": "admin.logentry",
    "pk": 41,
    "fields": {
      "action_time": "2023-07-15T16:08:12.724Z",
      "user": 1,
      "content_type": 8,
      "object_id": "9",
      "object_repr": "Témoignage de Raphaël J reçu le 15/07/2023, 18:08:12",
      "action_flag": 1,
      "change_message": "[{\"added\": {}}]"
    }
  },
  {
    "model": "admin.logentry",
    "pk": 42,
    "fields": {
      "action_time": "2023-07-15T16:08:56.639Z",
      "user": 1,
      "content_type": 8,
      "object_id": "10",
      "object_repr": "Témoignage de Valéry Kaplan reçu le 15/07/2023, 18:08:56",
      "action_flag": 1,
      "change_message": "[{\"added\": {}}]"
    }
  },
  {
    "model": "admin.logentry",
    "pk": 43,
    "fields": {
      "action_time": "2023-07-15T16:09:59.995Z",
      "user": 1,
      "content_type": 8,
      "object_id": "11",
      "object_repr": "Témoignage de Rémi Chapuis reçu le 15/07/2023, 18:09:59",
      "action_flag": 1,
      "change_message": "[{\"added\": {}}]"
    }
  },
  {
    "model": "admin.logentry",
    "pk": 44,
    "fields": {
      "action_time": "2023-07-15T16:10:39.755Z",
      "user": 1,
      "content_type": 8,
      "object_id": "12",
      "object_repr": "Témoignage de Marie Dupont reçu le 15/07/2023, 18:10:39",
      "action_flag": 1,
      "change_message": "[{\"added\": {}}]"
    }
  },
  {
    "model": "admin.logentry",
    "pk": 45,
    "fields": {
      "action_time": "2023-07-15T16:10:58.121Z",
      "user": 1,
      "content_type": 8,
      "object_id": "13",
      "object_repr": "Témoignage de fphppog\"hzaefghz reçu le 15/07/2023, 18:10:58",
      "action_flag": 1,
      "change_message": "[{\"added\": {}}]"
    }
  },
  {
    "model": "admin.logentry",
    "pk": 46,
    "fields": {
      "action_time": "2023-07-15T16:11:49.739Z",
      "user": 1,
      "content_type": 8,
      "object_id": "14",
      "object_repr": "Témoignage de Julien Martin reçu le 15/07/2023, 18:11:49",
      "action_flag": 1,
      "change_message": "[{\"added\": {}}]"
    }
  },
  {
    "model": "admin.logentry",
    "pk": 47,
    "fields": {
      "action_time": "2023-07-15T16:13:48.602Z",
      "user": 1,
      "content_type": 8,
      "object_id": "15",
      "object_repr": "Témoignage de Isabelle Leclerc reçu le 15/07/2023, 18:13:48",
      "action_flag": 1,
      "change_message": "[{\"added\": {}}]"
    }
  },
  {
    "model": "admin.logentry",
    "pk": 48,
    "fields": {
      "action_time": "2023-07-15T16:14:22.166Z",
      "user": 1,
      "content_type": 8,
      "object_id": "16",
      "object_repr": "Témoignage de Thomas Dubois reçu le 15/07/2023, 18:14:22",
      "action_flag": 1,
      "change_message": "[{\"added\": {}}]"
    }
  },
  {
    "model": "admin.logentry",
    "pk": 49,
    "fields": {
      "action_time": "2023-07-15T16:15:52.284Z",
      "user": 1,
      "content_type": 8,
      "object_id": "17",
      "object_repr": "Témoignage de Sergio reçu le 15/07/2023, 18:15:52",
      "action_flag": 1,
      "change_message": "[{\"added\": {}}]"
    }
  },
  {
    "model": "admin.logentry",
    "pk": 50,
    "fields": {
      "action_time": "2023-07-15T16:16:58.337Z",
      "user": 1,
      "content_type": 9,
      "object_id": "monday",
      "object_repr": "monday",
      "action_flag": 1,
      "change_message": "[{\"added\": {}}]"
    }
  },
  {
    "model": "admin.logentry",
    "pk": 51,
    "fields": {
      "action_time": "2023-07-15T16:17:05.254Z",
      "user": 1,
      "content_type": 9,
      "object_id": "tuesday",
      "object_repr": "tuesday",
      "action_flag": 1,
      "change_message": "[{\"added\": {}}]"
    }
  },
  {
    "model": "admin.logentry",
    "pk": 52,
    "fields": {
      "action_time": "2023-07-15T16:18:22.837Z",
      "user": 1,
      "content_type": 9,
      "object_id": "wednesday",
      "object_repr": "wednesday",
      "action_flag": 1,
      "change_message": "[{\"added\": {}}]"
    }
  },
  {
    "model": "admin.logentry",
    "pk": 53,
    "fields": {
      "action_time": "2023-07-15T16:19:00.133Z",
      "user": 1,
      "content_type": 9,
      "object_id": "thursday",
      "object_repr": "thursday",
      "action_flag": 1,
      "change_message": "[{\"added\": {}}]"
    }
  },
  {
    "model": "admin.logentry",
    "pk": 54,
    "fields": {
      "action_time": "2023-07-15T16:19:05.112Z",
      "user": 1,
      "content_type": 9,
      "object_id": "friday",
      "object_repr": "friday",
      "action_flag": 1,
      "change_message": "[{\"added\": {}}]"
    }
  },
  {
    "model": "admin.logentry",
    "pk": 55,
    "fields": {
      "action_time": "2023-07-15T16:19:16.175Z",
      "user": 1,
      "content_type": 9,
      "object_id": "saturday",
      "object_repr": "saturday",
      "action_flag": 1,
      "change_message": "[{\"added\": {}}]"
    }
  },
  {
    "model": "admin.logentry",
    "pk": 56,
    "fields": {
      "action_time": "2023-07-15T16:19:23.857Z",
      "user": 1,
      "content_type": 9,
      "object_id": "sunday",
      "object_repr": "sunday",
      "action_flag": 1,
      "change_message": "[{\"added\": {}}]"
    }
  },
  {
    "model": "admin.logentry",
    "pk": 57,
    "fields": {
      "action_time": "2023-07-15T16:21:52.927Z",
      "user": 1,
      "content_type": 13,
      "object_id": "1",
      "object_repr": "Motorisation",
      "action_flag": 1,
      "change_message": "[{\"added\": {}}]"
    }
  },
  {
    "model": "admin.logentry",
    "pk": 58,
    "fields": {
      "action_time": "2023-07-15T16:22:06.721Z",
      "user": 1,
      "content_type": 13,
      "object_id": "2",
      "object_repr": "Système de freinage",
      "action_flag": 1,
      "change_message": "[{\"added\": {}}]"
    }
  },
  {
    "model": "admin.logentry",
    "pk": 59,
    "fields": {
      "action_time": "2023-07-15T16:22:21.123Z",
      "user": 1,
      "content_type": 13,
      "object_id": "3",
      "object_repr": "Direction et Suspension",
      "action_flag": 1,
      "change_message": "[{\"added\": {}}]"
    }
  },
  {
    "model": "admin.logentry",
    "pk": 60,
    "fields": {
      "action_time": "2023-07-15T16:22:30.676Z",
      "user": 1,
      "content_type": 13,
      "object_id": "4",
      "object_repr": "Échappement",
      "action_flag": 1,
      "change_message": "[{\"added\": {}}]"
    }
  },
  {
    "model": "admin.logentry",
    "pk": 61,
    "fields": {
      "action_time": "2023-07-15T16:22:43.484Z",
      "user": 1,
      "content_type": 13,
      "object_id": "5",
      "object_repr": "Démarrage",
      "action_flag": 1,
      "change_message": "[{\"added\": {}}]"
    }
  },
  {
    "model": "admin.logentry",
    "pk": 62,
    "fields": {
      "action_time": "2023-07-15T16:23:17.887Z",
      "user": 1,
      "content_type": 13,
      "object_id": "6",
      "object_repr": "Pneumatique",
      "action_flag": 1,
      "change_message": "[{\"added\": {}}]"
    }
  },
  {
    "model": "admin.logentry",
    "pk": 63,
    "fields": {
      "action_time": "2023-07-15T16:23:31.268Z",
      "user": 1,
      "content_type": 13,
      "object_id": "7",
      "object_repr": "Débosselage",
      "action_flag": 1,
      "change_message": "[{\"added\": {}}]"
    }
  },
  {
    "model": "admin.logentry",
    "pk": 64,
    "fields": {
      "action_time": "2023-07-15T16:23:38.181Z",
      "user": 1,
      "content_type": 13,
      "object_id": "8",
      "object_repr": "Peinture",
      "action_flag": 1,
      "change_message": "[{\"added\": {}}]"
    }
  },
  {
    "model": "admin.logentry",
    "pk": 65,
    "fields": {
      "action_time": "2023-07-15T16:23:44.960Z",
      "user": 1,
      "content_type": 13,
      "object_id": "9",
      "object_repr": "Vitrage",
      "action_flag": 1,
      "change_message": "[{\"added\": {}}]"
    }
  },
  {
    "model": "admin.logentry",
    "pk": 66,
    "fields": {
      "action_time": "2023-07-15T16:23:55.633Z",
      "user": 1,
      "content_type": 13,
      "object_id": "10",
      "object_repr": "Vitrage",
      "action_flag": 1,
      "change_message": "[{\"added\": {}}]"
    }
  },
  {
    "model": "admin.logentry",
    "pk": 67,
    "fields": {
      "action_time": "2023-07-15T16:24:07.722Z",
      "user": 1,
      "content_type": 13,
      "object_id": "10",
      "object_repr": "Remplacements de pièces de carrosserie",
      "action_flag": 2,
      "change_message": "[{\"changed\": {\"fields\": [\"Nom\"]}}]"
    }
  },
  {
    "model": "admin.logentry",
    "pk": 68,
    "fields": {
      "action_time": "2023-07-15T16:24:18.456Z",
      "user": 1,
      "content_type": 13,
      "object_id": "11",
      "object_repr": "Dévoilage des jantes",
      "action_flag": 1,
      "change_message": "[{\"added\": {}}]"
    }
  },
  {
    "model": "admin.logentry",
    "pk": 69,
    "fields": {
      "action_time": "2023-07-15T16:24:37.232Z",
      "user": 1,
      "content_type": 13,
      "object_id": "12",
      "object_repr": "Révision périodique",
      "action_flag": 1,
      "change_message": "[{\"added\": {}}]"
    }
  },
  {
    "model": "admin.logentry",
    "pk": 70,
    "fields": {
      "action_time": "2023-07-15T16:24:47.588Z",
      "user": 1,
      "content_type": 13,
      "object_id": "13",
      "object_repr": "Pré-contrôle technique",
      "action_flag": 1,
      "change_message": "[{\"added\": {}}]"
    }
  },
  {
    "model": "admin.logentry",
    "pk": 71,
    "fields": {
      "action_time": "2023-07-15T16:24:59.417Z",
      "user": 1,
      "content_type": 13,
      "object_id": "14",
      "object_repr": "Vidange et filtres",
      "action_flag": 1,
      "change_message": "[{\"added\": {}}]"
    }
  },
  {
    "model": "admin.logentry",
    "pk": 72,
    "fields": {
      "action_time": "2023-07-15T16:26:50.336Z",
      "user": 1,
      "content_type": 13,
      "object_id": "15",
      "object_repr": "Courroie de distribution",
      "action_flag": 1,
      "change_message": "[{\"added\": {}}]"
    }
  },
  {
    "model": "admin.logentry",
    "pk": 73,
    "fields": {
      "action_time": "2023-07-15T16:27:00.727Z",
      "user": 1,
      "content_type": 13,
      "object_id": "16",
      "object_repr": "Climatisation",
      "action_flag": 1,
      "change_message": "[{\"added\": {}}]"
    }
  },
  {
    "model": "admin.logentry",
    "pk": 74,
    "fields": {
      "action_time": "2023-07-15T16:27:13.220Z",
      "user": 1,
      "content_type": 13,
      "object_id": "17",
      "object_repr": "Décontamination",
      "action_flag": 1,
      "change_message": "[{\"added\": {}}]"
    }
  },
  {
    "model": "admin.logentry",
    "pk": 75,
    "fields": {
      "action_time": "2023-07-15T16:30:17.007Z",
      "user": 1,
      "content_type": 12,
      "object_id": "1",
      "object_repr": "BMW 5 Series",
      "action_flag": 1,
      "change_message": "[{\"added\": {}}]"
    }
  },
  {
    "model": "admin.logentry",
    "pk": 76,
    "fields": {
      "action_time": "2023-07-15T16:30:48.354Z",
      "user": 1,
      "content_type": 12,
      "object_id": "2",
      "object_repr": "Mercedes C Class",
      "action_flag": 1,
      "change_message": "[{\"added\": {}}]"
    }
  },
  {
    "model": "admin.logentry",
    "pk": 77,
    "fields": {
      "action_time": "2023-07-15T16:31:24.954Z",
      "user": 1,
      "content_type": 12,
      "object_id": "3",
      "object_repr": "BMW X1",
      "action_flag": 1,
      "change_message": "[{\"added\": {}}]"
    }
  },
  {
    "model": "admin.logentry",
    "pk": 78,
    "fields": {
      "action_time": "2023-07-15T16:33:02.976Z",
      "user": 1,
      "content_type": 12,
      "object_id": "4",
      "object_repr": "Acura MDX",
      "action_flag": 1,
      "change_message": "[{\"added\": {}}]"
    }
  },
  {
    "model": "admin.logentry",
    "pk": 79,
    "fields": {
      "action_time": "2023-07-15T16:33:58.075Z",
      "user": 1,
      "content_type": 12,
      "object_id": "5",
      "object_repr": "Ford Explorer",
      "action_flag": 1,
      "change_message": "[{\"added\": {}}]"
    }
  },
  {
    "model": "admin.logentry",
    "pk": 80,
    "fields": {
      "action_time": "2023-07-15T16:34:36.334Z",
      "user": 1,
      "content_type": 12,
      "object_id": "6",
      "object_repr": "Ford Kuga",
      "action_flag": 1,
      "change_message": "[{\"added\": {}}]"
    }
  },
  {
    "model": "admin.logentry",
    "pk": 81,
    "fields": {
      "action_time": "2023-07-15T16:35:51.785Z",
      "user": 1,
      "content_type": 12,
      "object_id": "7",
      "object_repr": "Land Rover Range Rover",
      "action_flag": 1,
      "change_message": "[{\"added\": {}}]"
    }
  },
  {
    "model": "admin.logentry",
    "pk": 82,
    "fields": {
      "action_time": "2023-07-15T16:36:39.265Z",
      "user": 1,
      "content_type": 12,
      "object_id": "8",
      "object_repr": "Lexus ES",
      "action_flag": 1,
      "change_message": "[{\"added\": {}}]"
    }
  },
  {
    "model": "admin.logentry",
    "pk": 83,
    "fields": {
      "action_time": "2023-07-15T16:37:28.841Z",
      "user": 1,
      "content_type": 12,
      "object_id": "9",
      "object_repr": "Mercedes A Class",
      "action_flag": 1,
      "change_message": "[{\"added\": {}}]"
    }
  },
  {
    "model": "admin.logentry",
    "pk": 84,
    "fields": {
      "action_time": "2023-07-15T16:38:45.419Z",
      "user": 1,
      "content_type": 12,
      "object_id": "10",
      "object_repr": "Mercedes GLA Class",
      "action_flag": 1,
      "change_message": "[{\"added\": {}}]"
    }
  },
  {
    "model": "admin.logentry",
    "pk": 85,
    "fields": {
      "action_time": "2023-07-15T16:42:34.307Z",
      "user": 1,
      "content_type": 12,
      "object_id": "11",
      "object_repr": "Skoda Fabia",
      "action_flag": 1,
      "change_message": "[{\"added\": {}}]"
    }
  },
  {
    "model": "admin.logentry",
    "pk": 86,
    "fields": {
      "action_time": "2023-07-15T16:43:40.197Z",
      "user": 1,
      "content_type": 12,
      "object_id": "12",
      "object_repr": "Skoda Felicia",
      "action_flag": 1,
      "change_message": "[{\"added\": {}}]"
    }
  },
  {
    "model": "admin.logentry",
    "pk": 87,
    "fields": {
      "action_time": "2023-07-15T16:44:40.597Z",
      "user": 1,
      "content_type": 12,
      "object_id": "13",
      "object_repr": "Skoda Octavia",
      "action_flag": 1,
      "change_message": "[{\"added\": {}}]"
    }
  },
  {
    "model": "admin.logentry",
    "pk": 88,
    "fields": {
      "action_time": "2023-07-15T16:45:22.915Z",
      "user": 1,
      "content_type": 12,
      "object_id": "14",
      "object_repr": "Tesla Model X",
      "action_flag": 1,
      "change_message": "[{\"added\": {}}]"
    }
  },
  {
    "model": "admin.logentry",
    "pk": 89,
    "fields": {
      "action_time": "2023-07-15T16:46:47.481Z",
      "user": 1,
      "content_type": 12,
      "object_id": "15",
      "object_repr": "Toyota Avensis",
      "action_flag": 1,
      "change_message": "[{\"added\": {}}]"
    }
  },
  {
    "model": "admin.logentry",
    "pk": 90,
    "fields": {
      "action_time": "2023-07-15T16:48:01.606Z",
      "user": 1,
      "content_type": 12,
      "object_id": "16",
      "object_repr": "Toyota Highlander",
      "action_flag": 1,
      "change_message": "[{\"added\": {}}]"
    }
  },
  {
    "model": "admin.logentry",
    "pk": 91,
    "fields": {
      "action_time": "2023-07-15T16:49:02.117Z",
      "user": 1,
      "content_type": 12,
      "object_id": "17",
      "object_repr": "Toyota Tundra",
      "action_flag": 1,
      "change_message": "[{\"added\": {}}]"
    }
  },
  {
    "model": "admin.logentry",
    "pk": 92,
    "fields": {
      "action_time": "2023-07-15T16:49:34.727Z",
      "user": 1,
      "content_type": 11,
      "object_id": "1",
      "object_repr": "uploads/2023/07/bmw-5-series.webp",
      "action_flag": 1,
      "change_message": "[{\"added\": {}}]"
    }
  },
  {
    "model": "admin.logentry",
    "pk": 93,
    "fields": {
      "action_time": "2023-07-15T16:49:51.979Z",
      "user": 1,
      "content_type": 11,
      "object_id": "2",
      "object_repr": "uploads/2023/07/mercedes-c-class.webp",
      "action_flag": 1,
      "change_message": "[{\"added\": {}}]"
    }
  },
  {
    "model": "admin.logentry",
    "pk": 94,
    "fields": {
      "action_time": "2023-07-15T16:49:58.239Z",
      "user": 1,
      "content_type": 11,
      "object_id": "3",
      "object_repr": "uploads/2023/07/bmw-x1.webp",
      "action_flag": 1,
      "change_message": "[{\"added\": {}}]"
    }
  },
  {
    "model": "admin.logentry",
    "pk": 95,
    "fields": {
      "action_time": "2023-07-15T16:50:07.520Z",
      "user": 1,
      "content_type": 11,
      "object_id": "4",
      "object_repr": "uploads/2023/07/acura-mdx.webp",
      "action_flag": 1,
      "change_message": "[{\"added\": {}}]"
    }
  },
  {
    "model": "admin.logentry",
    "pk": 96,
    "fields": {
      "action_time": "2023-07-15T16:50:16.029Z",
      "user": 1,
      "content_type": 11,
      "object_id": "5",
      "object_repr": "uploads/2023/07/ford-explorer.webp",
      "action_flag": 1,
      "change_message": "[{\"added\": {}}]"
    }
  },
  {
    "model": "admin.logentry",
    "pk": 97,
    "fields": {
      "action_time": "2023-07-15T16:50:24.275Z",
      "user": 1,
      "content_type": 11,
      "object_id": "6",
      "object_repr": "uploads/2023/07/ford-kuga.webp",
      "action_flag": 1,
      "change_message": "[{\"added\": {}}]"
    }
  },
  {
    "model": "admin.logentry",
    "pk": 98,
    "fields": {
      "action_time": "2023-07-15T16:50:31.558Z",
      "user": 1,
      "content_type": 11,
      "object_id": "7",
      "object_repr": "uploads/2023/07/land-rover-range-rover.webp",
      "action_flag": 1,
      "change_message": "[{\"added\": {}}]"
    }
  },
  {
    "model": "admin.logentry",
    "pk": 99,
    "fields": {
      "action_time": "2023-07-15T16:50:40.864Z",
      "user": 1,
      "content_type": 11,
      "object_id": "8",
      "object_repr": "uploads/2023/07/lexus-es.webp",
      "action_flag": 1,
      "change_message": "[{\"added\": {}}]"
    }
  },
  {
    "model": "admin.logentry",
    "pk": 100,
    "fields": {
      "action_time": "2023-07-15T16:50:52.512Z",
      "user": 1,
      "content_type": 11,
      "object_id": "9",
      "object_repr": "uploads/2023/07/mercedes-a-class.webp",
      "action_flag": 1,
      "change_message": "[{\"added\": {}}]"
    }
  },
  {
    "model": "admin.logentry",
    "pk": 101,
    "fields": {
      "action_time": "2023-07-15T16:51:30.763Z",
      "user": 1,
      "content_type": 11,
      "object_id": "10",
      "object_repr": "uploads/2023/07/mercedes-benz-gla-class.webp",
      "action_flag": 1,
      "change_message": "[{\"added\": {}}]"
    }
  },
  {
    "model": "admin.logentry",
    "pk": 102,
    "fields": {
      "action_time": "2023-07-15T16:51:59.819Z",
      "user": 1,
      "content_type": 11,
      "object_id": "11",
      "object_repr": "uploads/2023/07/skoda-fabia.webp",
      "action_flag": 1,
      "change_message": "[{\"added\": {}}]"
    }
  },
  {
    "model": "admin.logentry",
    "pk": 103,
    "fields": {
      "action_time": "2023-07-15T16:52:20.386Z",
      "user": 1,
      "content_type": 11,
      "object_id": "12",
      "object_repr": "uploads/2023/07/skoda-felicia.webp",
      "action_flag": 1,
      "change_message": "[{\"added\": {}}]"
    }
  },
  {
    "model": "admin.logentry",
    "pk": 104,
    "fields": {
      "action_time": "2023-07-15T16:52:28.197Z",
      "user": 1,
      "content_type": 11,
      "object_id": "13",
      "object_repr": "uploads/2023/07/skoda-octavia.webp",
      "action_flag": 1,
      "change_message": "[{\"added\": {}}]"
    }
  },
  {
    "model": "admin.logentry",
    "pk": 105,
    "fields": {
      "action_time": "2023-07-15T16:52:36.439Z",
      "user": 1,
      "content_type": 11,
      "object_id": "14",
      "object_repr": "uploads/2023/07/tesla-model-x.webp",
      "action_flag": 1,
      "change_message": "[{\"added\": {}}]"
    }
  },
  {
    "model": "admin.logentry",
    "pk": 106,
    "fields": {
      "action_time": "2023-07-15T16:52:44.009Z",
      "user": 1,
      "content_type": 11,
      "object_id": "15",
      "object_repr": "uploads/2023/07/toyota-avensis.webp",
      "action_flag": 1,
      "change_message": "[{\"added\": {}}]"
    }
  },
  {
    "model": "admin.logentry",
    "pk": 107,
    "fields": {
      "action_time": "2023-07-15T16:52:50.846Z",
      "user": 1,
      "content_type": 11,
      "object_id": "16",
      "object_repr": "uploads/2023/07/toyota-highlander.webp",
      "action_flag": 1,
      "change_message": "[{\"added\": {}}]"
    }
  },
  {
    "model": "admin.logentry",
    "pk": 108,
    "fields": {
      "action_time": "2023-07-15T16:52:57.998Z",
      "user": 1,
      "content_type": 11,
      "object_id": "17",
      "object_repr": "uploads/2023/07/toyota-tundra.webp",
      "action_flag": 1,
      "change_message": "[{\"added\": {}}]"
    }
  },
  {
    "model": "auth.permission",
    "pk": 1,
    "fields": {
      "name": "Can add log entry",
      "content_type": 1,
      "codename": "add_logentry"
    }
  },
  {
    "model": "auth.permission",
    "pk": 2,
    "fields": {
      "name": "Can change log entry",
      "content_type": 1,
      "codename": "change_logentry"
    }
  },
  {
    "model": "auth.permission",
    "pk": 3,
    "fields": {
      "name": "Can delete log entry",
      "content_type": 1,
      "codename": "delete_logentry"
    }
  },
  {
    "model": "auth.permission",
    "pk": 4,
    "fields": {
      "name": "Can view log entry",
      "content_type": 1,
      "codename": "view_logentry"
    }
  },
  {
    "model": "auth.permission",
    "pk": 5,
    "fields": {
      "name": "Can add permission",
      "content_type": 2,
      "codename": "add_permission"
    }
  },
  {
    "model": "auth.permission",
    "pk": 6,
    "fields": {
      "name": "Can change permission",
      "content_type": 2,
      "codename": "change_permission"
    }
  },
  {
    "model": "auth.permission",
    "pk": 7,
    "fields": {
      "name": "Can delete permission",
      "content_type": 2,
      "codename": "delete_permission"
    }
  },
  {
    "model": "auth.permission",
    "pk": 8,
    "fields": {
      "name": "Can view permission",
      "content_type": 2,
      "codename": "view_permission"
    }
  },
  {
    "model": "auth.permission",
    "pk": 9,
    "fields": {
      "name": "Can add group",
      "content_type": 3,
      "codename": "add_group"
    }
  },
  {
    "model": "auth.permission",
    "pk": 10,
    "fields": {
      "name": "Can change group",
      "content_type": 3,
      "codename": "change_group"
    }
  },
  {
    "model": "auth.permission",
    "pk": 11,
    "fields": {
      "name": "Can delete group",
      "content_type": 3,
      "codename": "delete_group"
    }
  },
  {
    "model": "auth.permission",
    "pk": 12,
    "fields": {
      "name": "Can view group",
      "content_type": 3,
      "codename": "view_group"
    }
  },
  {
    "model": "auth.permission",
    "pk": 13,
    "fields": {
      "name": "Can add user",
      "content_type": 4,
      "codename": "add_user"
    }
  },
  {
    "model": "auth.permission",
    "pk": 14,
    "fields": {
      "name": "Can change user",
      "content_type": 4,
      "codename": "change_user"
    }
  },
  {
    "model": "auth.permission",
    "pk": 15,
    "fields": {
      "name": "Can delete user",
      "content_type": 4,
      "codename": "delete_user"
    }
  },
  {
    "model": "auth.permission",
    "pk": 16,
    "fields": {
      "name": "Can view user",
      "content_type": 4,
      "codename": "view_user"
    }
  },
  {
    "model": "auth.permission",
    "pk": 17,
    "fields": {
      "name": "Can add content type",
      "content_type": 5,
      "codename": "add_contenttype"
    }
  },
  {
    "model": "auth.permission",
    "pk": 18,
    "fields": {
      "name": "Can change content type",
      "content_type": 5,
      "codename": "change_contenttype"
    }
  },
  {
    "model": "auth.permission",
    "pk": 19,
    "fields": {
      "name": "Can delete content type",
      "content_type": 5,
      "codename": "delete_contenttype"
    }
  },
  {
    "model": "auth.permission",
    "pk": 20,
    "fields": {
      "name": "Can view content type",
      "content_type": 5,
      "codename": "view_contenttype"
    }
  },
  {
    "model": "auth.permission",
    "pk": 21,
    "fields": {
      "name": "Can add session",
      "content_type": 6,
      "codename": "add_session"
    }
  },
  {
    "model": "auth.permission",
    "pk": 22,
    "fields": {
      "name": "Can change session",
      "content_type": 6,
      "codename": "change_session"
    }
  },
  {
    "model": "auth.permission",
    "pk": 23,
    "fields": {
      "name": "Can delete session",
      "content_type": 6,
      "codename": "delete_session"
    }
  },
  {
    "model": "auth.permission",
    "pk": 24,
    "fields": {
      "name": "Can view session",
      "content_type": 6,
      "codename": "view_session"
    }
  },
  {
    "model": "auth.permission",
    "pk": 25,
    "fields": {
      "name": "Can add customer message",
      "content_type": 7,
      "codename": "add_customermessage"
    }
  },
  {
    "model": "auth.permission",
    "pk": 26,
    "fields": {
      "name": "Can change customer message",
      "content_type": 7,
      "codename": "change_customermessage"
    }
  },
  {
    "model": "auth.permission",
    "pk": 27,
    "fields": {
      "name": "Can delete customer message",
      "content_type": 7,
      "codename": "delete_customermessage"
    }
  },
  {
    "model": "auth.permission",
    "pk": 28,
    "fields": {
      "name": "Can view customer message",
      "content_type": 7,
      "codename": "view_customermessage"
    }
  },
  {
    "model": "auth.permission",
    "pk": 29,
    "fields": {
      "name": "Can add customer review",
      "content_type": 8,
      "codename": "add_customerreview"
    }
  },
  {
    "model": "auth.permission",
    "pk": 30,
    "fields": {
      "name": "Can change customer review",
      "content_type": 8,
      "codename": "change_customerreview"
    }
  },
  {
    "model": "auth.permission",
    "pk": 31,
    "fields": {
      "name": "Can delete customer review",
      "content_type": 8,
      "codename": "delete_customerreview"
    }
  },
  {
    "model": "auth.permission",
    "pk": 32,
    "fields": {
      "name": "Can view customer review",
      "content_type": 8,
      "codename": "view_customerreview"
    }
  },
  {
    "model": "auth.permission",
    "pk": 33,
    "fields": {
      "name": "Can add opening time",
      "content_type": 9,
      "codename": "add_openingtime"
    }
  },
  {
    "model": "auth.permission",
    "pk": 34,
    "fields": {
      "name": "Can change opening time",
      "content_type": 9,
      "codename": "change_openingtime"
    }
  },
  {
    "model": "auth.permission",
    "pk": 35,
    "fields": {
      "name": "Can delete opening time",
      "content_type": 9,
      "codename": "delete_openingtime"
    }
  },
  {
    "model": "auth.permission",
    "pk": 36,
    "fields": {
      "name": "Can view opening time",
      "content_type": 9,
      "codename": "view_openingtime"
    }
  },
  {
    "model": "auth.permission",
    "pk": 37,
    "fields": {
      "name": "Can add garage",
      "content_type": 10,
      "codename": "add_garage"
    }
  },
  {
    "model": "auth.permission",
    "pk": 38,
    "fields": {
      "name": "Can change garage",
      "content_type": 10,
      "codename": "change_garage"
    }
  },
  {
    "model": "auth.permission",
    "pk": 39,
    "fields": {
      "name": "Can delete garage",
      "content_type": 10,
      "codename": "delete_garage"
    }
  },
  {
    "model": "auth.permission",
    "pk": 40,
    "fields": {
      "name": "Can view garage",
      "content_type": 10,
      "codename": "view_garage"
    }
  },
  {
    "model": "auth.permission",
    "pk": 41,
    "fields": {
      "name": "Can add vehicle picture",
      "content_type": 11,
      "codename": "add_vehiclepicture"
    }
  },
  {
    "model": "auth.permission",
    "pk": 42,
    "fields": {
      "name": "Can change vehicle picture",
      "content_type": 11,
      "codename": "change_vehiclepicture"
    }
  },
  {
    "model": "auth.permission",
    "pk": 43,
    "fields": {
      "name": "Can delete vehicle picture",
      "content_type": 11,
      "codename": "delete_vehiclepicture"
    }
  },
  {
    "model": "auth.permission",
    "pk": 44,
    "fields": {
      "name": "Can view vehicle picture",
      "content_type": 11,
      "codename": "view_vehiclepicture"
    }
  },
  {
    "model": "auth.permission",
    "pk": 45,
    "fields": {
      "name": "Can add vehicle",
      "content_type": 12,
      "codename": "add_vehicle"
    }
  },
  {
    "model": "auth.permission",
    "pk": 46,
    "fields": {
      "name": "Can change vehicle",
      "content_type": 12,
      "codename": "change_vehicle"
    }
  },
  {
    "model": "auth.permission",
    "pk": 47,
    "fields": {
      "name": "Can delete vehicle",
      "content_type": 12,
      "codename": "delete_vehicle"
    }
  },
  {
    "model": "auth.permission",
    "pk": 48,
    "fields": {
      "name": "Can view vehicle",
      "content_type": 12,
      "codename": "view_vehicle"
    }
  },
  {
    "model": "auth.permission",
    "pk": 49,
    "fields": {
      "name": "Can add service",
      "content_type": 13,
      "codename": "add_service"
    }
  },
  {
    "model": "auth.permission",
    "pk": 50,
    "fields": {
      "name": "Can change service",
      "content_type": 13,
      "codename": "change_service"
    }
  },
  {
    "model": "auth.permission",
    "pk": 51,
    "fields": {
      "name": "Can delete service",
      "content_type": 13,
      "codename": "delete_service"
    }
  },
  {
    "model": "auth.permission",
    "pk": 52,
    "fields": {
      "name": "Can view service",
      "content_type": 13,
      "codename": "view_service"
    }
  },
  {
    "model": "auth.group",
    "pk": 1,
    "fields": {
      "name": "propriétaire",
      "permissions": [
        1, 2, 3, 4, 9, 10, 11, 12, 5, 6, 7, 8, 13, 14, 15, 16, 17, 18, 19, 20,
        25, 26, 27, 28, 29, 30, 31, 32, 37, 38, 39, 40, 33, 34, 35, 36, 49, 50,
        51, 52, 45, 46, 47, 48, 41, 42, 43, 44, 21, 22, 23, 24
      ]
    }
  },
  {
    "model": "auth.group",
    "pk": 2,
    "fields": {
      "name": "employé",
      "permissions": [
        25, 26, 27, 28, 29, 30, 31, 32, 45, 46, 47, 48, 41, 42, 43, 44
      ]
    }
  },
  {
    "model": "auth.user",
    "pk": 1,
    "fields": {
      "password": "pbkdf2_sha256$600000$pAHq4p20FXauuXi4qATgKt$b8QcJT96iUnO++n026oOwJLF7PvW3KpDJGlu4qCxOk4=",
      "last_login": "2023-07-14T16:45:27.058Z",
      "is_superuser": true,
      "username": "floretcl",
      "first_name": "",
      "last_name": "",
      "email": "floretcl@outlook.com",
      "is_staff": true,
      "is_active": true,
      "date_joined": "2023-07-08T16:06:13Z",
      "groups": [],
      "user_permissions": []
    }
  },
  {
    "model": "auth.user",
    "pk": 2,
    "fields": {
      "password": "pbkdf2_sha256$600000$pl0tq8Eh2trnrSJcAcLrB1$k1lcWNPkBnwDhGHYjM7ATZCZggCMzaIAKraOtMvgNNw=",
      "last_login": null,
      "is_superuser": false,
      "username": "vincent_parrot",
      "first_name": "Vincent",
      "last_name": "Parrot",
      "email": "vparrot@garage-vparrot.clementfloret.fr",
      "is_staff": true,
      "is_active": true,
      "date_joined": "2023-07-08T16:22:53Z",
      "groups": [1],
      "user_permissions": []
    }
  },
  {
    "model": "contenttypes.contenttype",
    "pk": 1,
    "fields": { "app_label": "admin", "model": "logentry" }
  },
  {
    "model": "contenttypes.contenttype",
    "pk": 2,
    "fields": { "app_label": "auth", "model": "permission" }
  },
  {
    "model": "contenttypes.contenttype",
    "pk": 3,
    "fields": { "app_label": "auth", "model": "group" }
  },
  {
    "model": "contenttypes.contenttype",
    "pk": 4,
    "fields": { "app_label": "auth", "model": "user" }
  },
  {
    "model": "contenttypes.contenttype",
    "pk": 5,
    "fields": { "app_label": "contenttypes", "model": "contenttype" }
  },
  {
    "model": "contenttypes.contenttype",
    "pk": 6,
    "fields": { "app_label": "sessions", "model": "session" }
  },
  {
    "model": "contenttypes.contenttype",
    "pk": 7,
    "fields": { "app_label": "garage", "model": "customermessage" }
  },
  {
    "model": "contenttypes.contenttype",
    "pk": 8,
    "fields": { "app_label": "garage", "model": "customerreview" }
  },
  {
    "model": "contenttypes.contenttype",
    "pk": 9,
    "fields": { "app_label": "garage", "model": "openingtime" }
  },
  {
    "model": "contenttypes.contenttype",
    "pk": 10,
    "fields": { "app_label": "garage", "model": "garage" }
  },
  {
    "model": "contenttypes.contenttype",
    "pk": 11,
    "fields": { "app_label": "garage", "model": "vehiclepicture" }
  },
  {
    "model": "contenttypes.contenttype",
    "pk": 12,
    "fields": { "app_label": "garage", "model": "vehicle" }
  },
  {
    "model": "contenttypes.contenttype",
    "pk": 13,
    "fields": { "app_label": "garage", "model": "service" }
  },
  {
    "model": "sessions.session",
    "pk": "32qvsq9tbjtpzk5c54ro5q695jytkxwi",
    "fields": {
      "session_data": ".eJxVjEEOwiAQRe_C2hAYoAWX7j0DGZhBqoYmpV0Z765NutDtf-_9l4i4rTVunZc4kTgLLU6_W8L84LYDumO7zTLPbV2mJHdFHrTL60z8vBzu30HFXr-1AnCI3o_kfA48aFaERmu2Cg0WYxVQthB49JQgeY_WqWBM1gRDcUW8P9S8N5I:1qKLv5:CxUXL5K1Xeok_jyuF0mx0_o0WVD8Rx_CI4Szgjna9_w",
      "expire_date": "2023-07-28T16:45:27.070Z"
    }
  },
  {
    "model": "sessions.session",
    "pk": "8w54dfjumb7e8obqacpgxukv4xvbw3aa",
    "fields": {
      "session_data": ".eJxVjEEOwiAQRe_C2hAYoAWX7j0DGZhBqoYmpV0Z765NutDtf-_9l4i4rTVunZc4kTgLLU6_W8L84LYDumO7zTLPbV2mJHdFHrTL60z8vBzu30HFXr-1AnCI3o_kfA48aFaERmu2Cg0WYxVQthB49JQgeY_WqWBM1gRDcUW8P9S8N5I:1qIB3p:-4VKzdBl1nipLlN6Qm6UGKW75ckjzzoErh8sRdvDV3o",
      "expire_date": "2023-07-22T16:45:29.757Z"
    }
  },
  {
    "model": "sessions.session",
    "pk": "8yfdfbd1v361omjf7ot1byrv4jjrvqds",
    "fields": {
      "session_data": ".eJxVjEEOwiAQRe_C2hAYoAWX7j0DGZhBqoYmpV0Z765NutDtf-_9l4i4rTVunZc4kTgLLU6_W8L84LYDumO7zTLPbV2mJHdFHrTL60z8vBzu30HFXr-1AnCI3o_kfA48aFaERmu2Cg0WYxVQthB49JQgeY_WqWBM1gRDcUW8P9S8N5I:1qJzup:Xh2R_Uv8E-nYhmqZ_Ss3rWAthlkekxP1MPlwMk-4Z-M",
      "expire_date": "2023-07-27T17:15:43.217Z"
    }
  },
  {
    "model": "garage.garage",
    "pk": "Garage V.Parrot",
    "fields": {
      "adress": "11 Rue Léon Jouhaux",
      "postal_code": "31500",
      "city": "Toulouse",
      "phone_number": "0561234567",
      "contact_email": "contact@garage-vparrot.clementfloret.fr"
    }
  },
  {
    "model": "garage.openingtime",
    "pk": "friday",
    "fields": {
      "garage": "Garage V.Parrot",
      "opening_hours": "08h30-12h00, 14h00 - 18h30"
    }
  },
  {
    "model": "garage.openingtime",
    "pk": "monday",
    "fields": {
      "garage": "Garage V.Parrot",
      "opening_hours": "08h30-12h00, 14h00 - 18h30"
    }
  },
  {
    "model": "garage.openingtime",
    "pk": "saturday",
    "fields": { "garage": "Garage V.Parrot", "opening_hours": "08h30-12h00" }
  },
  {
    "model": "garage.openingtime",
    "pk": "sunday",
    "fields": { "garage": "Garage V.Parrot", "opening_hours": "Fermé" }
  },
  {
    "model": "garage.openingtime",
    "pk": "thursday",
    "fields": {
      "garage": "Garage V.Parrot",
      "opening_hours": "08h30-12h00, 14h00 - 18h30"
    }
  },
  {
    "model": "garage.openingtime",
    "pk": "tuesday",
    "fields": {
      "garage": "Garage V.Parrot",
      "opening_hours": "08h30-12h00, 14h00 - 18h30"
    }
  },
  {
    "model": "garage.openingtime",
    "pk": "wednesday",
    "fields": {
      "garage": "Garage V.Parrot",
      "opening_hours": "09h00-12h00, 14h00 - 17h00"
    }
  },
  {
    "model": "garage.service",
    "pk": 1,
    "fields": {
      "garage": "Garage V.Parrot",
      "type": "Mécanique",
      "name": "Motorisation"
    }
  },
  {
    "model": "garage.service",
    "pk": 2,
    "fields": {
      "garage": "Garage V.Parrot",
      "type": "Mécanique",
      "name": "Système de freinage"
    }
  },
  {
    "model": "garage.service",
    "pk": 3,
    "fields": {
      "garage": "Garage V.Parrot",
      "type": "Mécanique",
      "name": "Direction et Suspension"
    }
  },
  {
    "model": "garage.service",
    "pk": 4,
    "fields": {
      "garage": "Garage V.Parrot",
      "type": "Mécanique",
      "name": "Échappement"
    }
  },
  {
    "model": "garage.service",
    "pk": 5,
    "fields": {
      "garage": "Garage V.Parrot",
      "type": "Mécanique",
      "name": "Démarrage"
    }
  },
  {
    "model": "garage.service",
    "pk": 6,
    "fields": {
      "garage": "Garage V.Parrot",
      "type": "Mécanique",
      "name": "Pneumatique"
    }
  },
  {
    "model": "garage.service",
    "pk": 7,
    "fields": {
      "garage": "Garage V.Parrot",
      "type": "Carrosserie",
      "name": "Débosselage"
    }
  },
  {
    "model": "garage.service",
    "pk": 8,
    "fields": {
      "garage": "Garage V.Parrot",
      "type": "Carrosserie",
      "name": "Peinture"
    }
  },
  {
    "model": "garage.service",
    "pk": 9,
    "fields": {
      "garage": "Garage V.Parrot",
      "type": "Carrosserie",
      "name": "Vitrage"
    }
  },
  {
    "model": "garage.service",
    "pk": 10,
    "fields": {
      "garage": "Garage V.Parrot",
      "type": "Carrosserie",
      "name": "Remplacements de pièces de carrosserie"
    }
  },
  {
    "model": "garage.service",
    "pk": 11,
    "fields": {
      "garage": "Garage V.Parrot",
      "type": "Carrosserie",
      "name": "Dévoilage des jantes"
    }
  },
  {
    "model": "garage.service",
    "pk": 12,
    "fields": {
      "garage": "Garage V.Parrot",
      "type": "Entretien",
      "name": "Révision périodique"
    }
  },
  {
    "model": "garage.service",
    "pk": 13,
    "fields": {
      "garage": "Garage V.Parrot",
      "type": "Entretien",
      "name": "Pré-contrôle technique"
    }
  },
  {
    "model": "garage.service",
    "pk": 14,
    "fields": {
      "garage": "Garage V.Parrot",
      "type": "Entretien",
      "name": "Vidange et filtres"
    }
  },
  {
    "model": "garage.service",
    "pk": 15,
    "fields": {
      "garage": "Garage V.Parrot",
      "type": "Entretien",
      "name": "Courroie de distribution"
    }
  },
  {
    "model": "garage.service",
    "pk": 16,
    "fields": {
      "garage": "Garage V.Parrot",
      "type": "Entretien",
      "name": "Climatisation"
    }
  },
  {
    "model": "garage.service",
    "pk": 17,
    "fields": {
      "garage": "Garage V.Parrot",
      "type": "Entretien",
      "name": "Décontamination"
    }
  },
  {
    "model": "garage.vehicle",
    "pk": 1,
    "fields": {
      "garage": "Garage V.Parrot",
      "name": "BMW 5 Series",
      "price": "25000",
      "year": 2018,
      "km": 12400
    }
  },
  {
    "model": "garage.vehicle",
    "pk": 2,
    "fields": {
      "garage": "Garage V.Parrot",
      "name": "Mercedes C Class",
      "price": "22000",
      "year": 2012,
      "km": 231000
    }
  },
  {
    "model": "garage.vehicle",
    "pk": 3,
    "fields": {
      "garage": "Garage V.Parrot",
      "name": "BMW X1",
      "price": "25000",
      "year": 2015,
      "km": 33700
    }
  },
  {
    "model": "garage.vehicle",
    "pk": 4,
    "fields": {
      "garage": "Garage V.Parrot",
      "name": "Acura MDX",
      "price": "14000",
      "year": 2010,
      "km": 180000
    }
  },
  {
    "model": "garage.vehicle",
    "pk": 5,
    "fields": {
      "garage": "Garage V.Parrot",
      "name": "Ford Explorer",
      "price": "11000",
      "year": 2009,
      "km": 320000
    }
  },
  {
    "model": "garage.vehicle",
    "pk": 6,
    "fields": {
      "garage": "Garage V.Parrot",
      "name": "Ford Kuga",
      "price": "16400",
      "year": 2016,
      "km": 7000
    }
  },
  {
    "model": "garage.vehicle",
    "pk": 7,
    "fields": {
      "garage": "Garage V.Parrot",
      "name": "Land Rover Range Rover",
      "price": "28900",
      "year": 2022,
      "km": 21500
    }
  },
  {
    "model": "garage.vehicle",
    "pk": 8,
    "fields": {
      "garage": "Garage V.Parrot",
      "name": "Lexus ES",
      "price": "38600",
      "year": 2021,
      "km": 11800
    }
  },
  {
    "model": "garage.vehicle",
    "pk": 9,
    "fields": {
      "garage": "Garage V.Parrot",
      "name": "Mercedes A Class",
      "price": "31300",
      "year": 2019,
      "km": 43500
    }
  },
  {
    "model": "garage.vehicle",
    "pk": 10,
    "fields": {
      "garage": "Garage V.Parrot",
      "name": "Mercedes GLA Class",
      "price": "34300",
      "year": 20,
      "km": 6500
    }
  },
  {
    "model": "garage.vehicle",
    "pk": 11,
    "fields": {
      "garage": "Garage V.Parrot",
      "name": "Skoda Fabia",
      "price": "8600",
      "year": 2011,
      "km": 264900
    }
  },
  {
    "model": "garage.vehicle",
    "pk": 12,
    "fields": {
      "garage": "Garage V.Parrot",
      "name": "Skoda Felicia",
      "price": "11800",
      "year": 2014,
      "km": 194800
    }
  },
  {
    "model": "garage.vehicle",
    "pk": 13,
    "fields": {
      "garage": "Garage V.Parrot",
      "name": "Skoda Octavia",
      "price": "15700",
      "year": 2016,
      "km": 137700
    }
  },
  {
    "model": "garage.vehicle",
    "pk": 14,
    "fields": {
      "garage": "Garage V.Parrot",
      "name": "Tesla Model X",
      "price": "21000",
      "year": 2020,
      "km": 43000
    }
  },
  {
    "model": "garage.vehicle",
    "pk": 15,
    "fields": {
      "garage": "Garage V.Parrot",
      "name": "Toyota Avensis",
      "price": "8400",
      "year": 2010,
      "km": 291000
    }
  },
  {
    "model": "garage.vehicle",
    "pk": 16,
    "fields": {
      "garage": "Garage V.Parrot",
      "name": "Toyota Highlander",
      "price": "22800",
      "year": 2018,
      "km": 112000
    }
  },
  {
    "model": "garage.vehicle",
    "pk": 17,
    "fields": {
      "garage": "Garage V.Parrot",
      "name": "Toyota Tundra",
      "price": "20000",
      "year": 2022,
      "km": 64800
    }
  },
  {
    "model": "garage.vehiclepicture",
    "pk": 1,
    "fields": { "vehicle": 1, "picture": "uploads/2023/07/bmw-5-series.webp" }
  },
  {
    "model": "garage.vehiclepicture",
    "pk": 2,
    "fields": {
      "vehicle": 2,
      "picture": "uploads/2023/07/mercedes-c-class.webp"
    }
  },
  {
    "model": "garage.vehiclepicture",
    "pk": 3,
    "fields": { "vehicle": 3, "picture": "uploads/2023/07/bmw-x1.webp" }
  },
  {
    "model": "garage.vehiclepicture",
    "pk": 4,
    "fields": { "vehicle": 4, "picture": "uploads/2023/07/acura-mdx.webp" }
  },
  {
    "model": "garage.vehiclepicture",
    "pk": 5,
    "fields": { "vehicle": 5, "picture": "uploads/2023/07/ford-explorer.webp" }
  },
  {
    "model": "garage.vehiclepicture",
    "pk": 6,
    "fields": { "vehicle": 6, "picture": "uploads/2023/07/ford-kuga.webp" }
  },
  {
    "model": "garage.vehiclepicture",
    "pk": 7,
    "fields": {
      "vehicle": 7,
      "picture": "uploads/2023/07/land-rover-range-rover.webp"
    }
  },
  {
    "model": "garage.vehiclepicture",
    "pk": 8,
    "fields": { "vehicle": 8, "picture": "uploads/2023/07/lexus-es.webp" }
  },
  {
    "model": "garage.vehiclepicture",
    "pk": 9,
    "fields": {
      "vehicle": 9,
      "picture": "uploads/2023/07/mercedes-a-class.webp"
    }
  },
  {
    "model": "garage.vehiclepicture",
    "pk": 10,
    "fields": {
      "vehicle": 10,
      "picture": "uploads/2023/07/mercedes-benz-gla-class.webp"
    }
  },
  {
    "model": "garage.vehiclepicture",
    "pk": 11,
    "fields": { "vehicle": 11, "picture": "uploads/2023/07/skoda-fabia.webp" }
  },
  {
    "model": "garage.vehiclepicture",
    "pk": 12,
    "fields": { "vehicle": 12, "picture": "uploads/2023/07/skoda-felicia.webp" }
  },
  {
    "model": "garage.vehiclepicture",
    "pk": 13,
    "fields": { "vehicle": 13, "picture": "uploads/2023/07/skoda-octavia.webp" }
  },
  {
    "model": "garage.vehiclepicture",
    "pk": 14,
    "fields": { "vehicle": 14, "picture": "uploads/2023/07/tesla-model-x.webp" }
  },
  {
    "model": "garage.vehiclepicture",
    "pk": 15,
    "fields": {
      "vehicle": 15,
      "picture": "uploads/2023/07/toyota-avensis.webp"
    }
  },
  {
    "model": "garage.vehiclepicture",
    "pk": 16,
    "fields": {
      "vehicle": 16,
      "picture": "uploads/2023/07/toyota-highlander.webp"
    }
  },
  {
    "model": "garage.vehiclepicture",
    "pk": 17,
    "fields": { "vehicle": 17, "picture": "uploads/2023/07/toyota-tundra.webp" }
  },
  {
    "model": "garage.customerreview",
    "pk": 9,
    "fields": {
      "name": "Raphaël J",
      "message": "Je suis un client régulier de Garage V.Parrot depuis deux ans maintenant et je dois dire que la qualité de leurs services ne m’a jamais déçu. \r\nDe l'entretien de routine aux réparations plus complexes, l'équipe du garage a toujours été efficace dans son travail. Ils utilisent uniquement des pièces de qualité, garantissant la longévité et la sécurité de mon véhicule.",
      "rating": 4,
      "verified": true,
      "valid": true,
      "date": "2023-07-15T16:08:12.721Z"
    }
  },
  {
    "model": "garage.customerreview",
    "pk": 10,
    "fields": {
      "name": "Valéry Kaplan",
      "message": "Ce qui distingue le Garage V.Parrot des autres garages, c'est leur engagement à fournir le meilleur niveau de service possible. Ils apprécient vraiment leurs clients et prennent le temps d'expliquer les problèmes et les solutions de manière claire et concise. \r\nJe recommande vivement le Garage V.Parrot pour sa qualité, ses services et sa fiabilité.",
      "rating": 5,
      "verified": false,
      "valid": null,
      "date": "2023-07-15T16:08:56.638Z"
    }
  },
  {
    "model": "garage.customerreview",
    "pk": 11,
    "fields": {
      "name": "Rémi Chapuis",
      "message": "L'équipe du Garage V.Parrot est vraiment compétente et qualifiée. \r\nJ’ai eu le sentiment que mon véhicule était entre de bonnes mains. \r\nJe recommande vivement Garage V.Parrot à tous ceux qui recherchent un service de qualité, fiable et rapide pour leur véhicule.\r\n Merci au Garage V.Parrot, pour le travail bien fait !",
      "rating": 4,
      "verified": true,
      "valid": true,
      "date": "2023-07-15T16:09:59.994Z"
    }
  },
  {
    "model": "garage.customerreview",
    "pk": 12,
    "fields": {
      "name": "Marie Dupont",
      "message": "Je tiens à exprimer ma grande satisfaction envers le Garage V.Parrot. J'ai récemment fait réparer mon véhicule chez eux et le service était impeccable. L'équipe était professionnelle, efficace et aimable. Ils ont résolu le problème rapidement et à un prix raisonnable. \r\nJe recommande ce garage à tous ceux qui ont besoin d'un service de qualité et fiable.",
      "rating": 2,
      "verified": true,
      "valid": null,
      "date": "2023-07-15T16:10:39.754Z"
    }
  },
  {
    "model": "garage.customerreview",
    "pk": 13,
    "fields": {
      "name": "fphppog\"hzaefghz",
      "message": "rabhtn,jrytk,terrbre",
      "rating": 1,
      "verified": true,
      "valid": false,
      "date": "2023-07-15T16:10:58.120Z"
    }
  },
  {
    "model": "garage.customerreview",
    "pk": 14,
    "fields": {
      "name": "Julien Martin",
      "message": "Je suis extrêmement satisfait des services offerts par le Garage V.Parrot. \r\n\r\nJ'ai amené ma voiture pour une révision et j'ai été impressionné par l'accueil chaleureux du personnel et leur expertise. Ils ont fait un excellent travail et m'ont expliqué en détail toutes les réparations effectuées. Le prix était également très compétitif. \r\n\r\nJe recommande vivement ce garage à tous ceux qui recherchent un service de confiance.",
      "rating": 3,
      "verified": false,
      "valid": null,
      "date": "2023-07-15T16:11:49.738Z"
    }
  },
  {
    "model": "garage.customerreview",
    "pk": 15,
    "fields": {
      "name": "Isabelle Leclerc",
      "message": "Je suis très contente d'avoir choisi le Garage V.Parrot pour la réparation de ma voiture. Ils ont résolu le problème rapidement et efficacement. Leur équipe est compétente, professionnelle et sympathique. \r\nDe plus, le prix était raisonnable et transparent, sans surprises. Je suis entièrement satisfaite du service et je les recommande à tous ceux qui ont besoin d'un excellent garage.",
      "rating": 5,
      "verified": true,
      "valid": true,
      "date": "2023-07-15T16:13:48.601Z"
    }
  },
  {
    "model": "garage.customerreview",
    "pk": 16,
    "fields": {
      "name": "Thomas Dubois",
      "message": "e tenais à remercier le Garage V.Parrot pour leur excellent travail. \r\nJ'ai fait réparer ma voiture chez eux et je suis très impressionné par leur professionnalisme et leur fiabilité. Leur équipe a résolu le problème rapidement avec des compétences remarquables. \r\nDe plus, le prix était très raisonnable pour les réparations effectuées. Je recommande vivement ce garage à tous ceux qui ont besoin d'un service de qualité supérieure.",
      "rating": 5,
      "verified": true,
      "valid": true,
      "date": "2023-07-15T16:14:22.165Z"
    }
  },
  {
    "model": "garage.customerreview",
    "pk": 17,
    "fields": {
      "name": "Sergio",
      "message": "Nul, que des incompétents. J'ai dû ramener ma voiture 3 fois parce que le problème revenait encore.\r\nJe ne reviendrais plus.",
      "rating": 1,
      "verified": true,
      "valid": true,
      "date": "2023-07-15T16:15:52.283Z"
    }
  },
  {
    "model": "garage.customermessage",
    "pk": 14,
    "fields": {
      "firstname": "Manon",
      "lastname": "Petit",
      "email": "marion-petit@yahoo.fr",
      "phone_number": "0655428910",
      "subject": "Volvo Xc40",
      "message": "Bonjour,\r\nje suis intéressée par une voiture d'occasion que j'ai vue sur votre site web, une Volvo Xc40. Pouvez-vous me donner plus d'informations sur les caractéristiques du véhicule ?\r\nManon Petit",
      "date": "2023-07-15T16:00:09.043Z"
    }
  },
  {
    "model": "garage.customermessage",
    "pk": 15,
    "fields": {
      "firstname": "Nicolas",
      "lastname": "Durand",
      "email": "nico.durand@outlook.fr",
      "phone_number": "0953886752",
      "subject": "Avancement des travaux sur ma voiture",
      "message": "Bonjour,\r\nje voulais savoir où en est la réparation de ma voiture que j'ai déposée chez vous la semaine dernière. Pouvez-vous me donner l'avancement des travaux ? Merci.\r\nBien cordialement,\r\nNicolas Lambert",
      "date": "2023-07-15T16:01:26.576Z"
    }
  },
  {
    "model": "garage.customermessage",
    "pk": 16,
    "fields": {
      "firstname": "Sophie",
      "lastname": "Lambert",
      "email": "sophie.du@gmail.com",
      "phone_number": "0623894099",
      "subject": "Prise de rendez-vous",
      "message": "Bonjour, \r\nJe m'appelle Sophie Dubois et je souhaite prendre rendez-vous pour une révision de ma moto. Pouvez-vous me dire quand vous avez des disponibilités ? Vous pouvez me recontacter par email ou par téléphone en fin d'après-midi. \r\nCordialement, Sophie Dubois",
      "date": "2023-07-15T16:02:15.039Z"
    }
  },
  {
    "model": "garage.customermessage",
    "pk": 19,
    "fields": {
      "firstname": "Martin",
      "lastname": "Duval",
      "email": "martindupont@gmail.com",
      "phone_number": "0189395641",
      "subject": null,
      "message": "Bonjour, \r\n\r\nj'ai besoin de faire réparer ma voiture qui a des problèmes de freins. Je ne sais pas d'où provient ce problème. J'aimerais vous amener ma voiture pour un diagnostique. Avez vous des disponibilités en semaine, fin de journée ? \r\nMerci d'avance, \r\nMartin Dupont",
      "date": "2023-07-15T16:04:42.155Z"
    }
  },
  {
    "model": "garage.customermessage",
    "pk": 20,
    "fields": {
      "firstname": "Pierrre",
      "lastname": "Gonthier",
      "email": "pierre.gonthier@icloud.com",
      "phone_number": "0645982376",
      "subject": "Audi E-tron",
      "message": "Bonjour, je serais intéressé par un de vos véhicules d'occasion, une Audi E tron. \r\nMerci d'avance, Cordialement, \r\nPierre Durand",
      "date": "2023-07-15T16:07:13.103Z"
    }
  }
]
