[
  {
    "model": "garage.garage",
    "pk": 1,
    "fields": {
      "name": "Garage V.Parrot",
      "address": "11 Rue Léon Jouhaux",
      "postal_code": "31500",
      "city": "Toulouse",
      "phone_number": "0561234567",
      "contact_email": "contact@garage-vparrot.clementfloret.fr"
    }
  },
  {
    "model": "garage.openingtime",
    "pk": 1,
    "fields": {
      "day": "Lun.",
      "opening_hours": "08h30-12h00, 14h00 - 18h30",
      "garage": 1
    }
  },
  {
    "model": "garage.openingtime",
    "pk": 2,
    "fields": {
      "day": "Mar.",
      "opening_hours": "08h30-12h00, 14h00 - 18h30",
      "garage": 1
    }
  },
  {
    "model": "garage.openingtime",
    "pk": 3,
    "fields": {
      "day": "Mer.",
      "opening_hours": "09h00-12h00, 14h00 - 17h00",
      "garage": 1
    }
  },
  {
    "model": "garage.openingtime",
    "pk": 4,
    "fields": {
      "day": "Jeu.",
      "opening_hours": "08h30-12h00, 14h00 - 18h30",
      "garage": 1
    }
  },
  {
    "model": "garage.openingtime",
    "pk": 5,
    "fields": {
      "day": "Ven.",
      "opening_hours": "08h30-12h00, 14h00 - 18h30",
      "garage": 1
    }
  },
  {
    "model": "garage.openingtime",
    "pk": 6,
    "fields": {
      "day": "Sam.",
      "opening_hours": "08h30-12h00",
      "garage": 1
    }
  },
  {
    "model": "garage.openingtime",
    "pk": 7,
    "fields": {
      "day": "Dim.",
      "opening_hours": "Fermé",
      "garage": 1
    }
  },
  {
    "model": "garage.servicetype",
    "pk": 1,
    "fields": {
      "name": "Mécanique",
      "image": "uploads/2023/11/img-17.webp"
    }
  },
  {
    "model": "garage.servicetype",
    "pk": 2,
    "fields": {
      "name": "Carrosserie",
      "image": "uploads/2023/11/img-7.webp"
    }
  },
  {
    "model": "garage.servicetype",
    "pk": 3,
    "fields": {
      "name": "Entretien",
      "image": "uploads/2023/11/img-23.webp"
    }
  },
  {
    "model": "garage.service",
    "pk": 1,
    "fields": {
      "name": "Motorisation",
      "type": 1,
      "garage": 1
    }
  },
  {
    "model": "garage.service",
    "pk": 2,
    "fields": {
      "name": "Système de freinage",
      "type": 1,
      "garage": 1
    }
  },
  {
    "model": "garage.service",
    "pk": 3,
    "fields": {
      "name": "Direction et Suspension",
      "type": 1,
      "garage": 1
    }
  },
  {
    "model": "garage.service",
    "pk": 4,
    "fields": {
      "name": "Échappement",
      "type": 1,
      "garage": 1
    }
  },
  {
    "model": "garage.service",
    "pk": 5,
    "fields": {
      "name": "Démarrage",
      "type": 1,
      "garage": 1
    }
  },
  {
    "model": "garage.service",
    "pk": 6,
    "fields": {
      "name": "Pneumatique",
      "type": 1,
      "garage": 1
    }
  },
  {
    "model": "garage.service",
    "pk": 7,
    "fields": {
      "name": "Débosselage",
      "type": 2,
      "garage": 1
    }
  },
  {
    "model": "garage.service",
    "pk": 8,
    "fields": {
      "name": "Peinture",
      "type": 2,
      "garage": 1
    }
  },
  {
    "model": "garage.service",
    "pk": 9,
    "fields": {
      "name": "Vitrage",
      "type": 2,
      "garage": 1
    }
  },
  {
    "model": "garage.service",
    "pk": 10,
    "fields": {
      "name": "Remplacements de pièces de carrosserie",
      "type": 2,
      "garage": 1
    }
  },
  {
    "model": "garage.service",
    "pk": 11,
    "fields": {
      "name": "Dé-voilage des jantes",
      "type": 2,
      "garage": 1
    }
  },
  {
    "model": "garage.service",
    "pk": 12,
    "fields": {
      "name": "Révision périodique",
      "type": 3,
      "garage": 1
    }
  },
  {
    "model": "garage.service",
    "pk": 13,
    "fields": {
      "name": "Pré-contrôle technique",
      "type": 3,
      "garage": 1
    }
  },
  {
    "model": "garage.service",
    "pk": 14,
    "fields": {
      "name": "Vidange et filtres",
      "type": 3,
      "garage": 1
    }
  },
  {
    "model": "garage.service",
    "pk": 15,
    "fields": {
      "name": "Courroie de distribution",
      "type": 3,
      "garage": 1
    }
  },
  {
    "model": "garage.service",
    "pk": 16,
    "fields": {
      "name": "Climatisation",
      "type": 3,
      "garage": 1
    }
  },
  {
    "model": "garage.service",
    "pk": 17,
    "fields": {
      "name": "Décontamination",
      "type": 3,
      "garage": 1
    }
  },
  {
    "model": "garage.vehicle",
    "pk": 1,
    "fields": {
      "name": "Audi R8",
      "brand": "Audi",
      "model": "R8",
      "energy": "Essence",
      "gearbox": "Automatique",
      "color": "Jaune",
      "seats": 2,
      "critair": 1,
      "power": 46,
      "price": 43900,
      "year": 2017,
      "km": 113320,
      "garage": 1
    }
  },
  {
    "model": "garage.vehicle",
    "pk": 2,
    "fields": {
      "name": "Audi RS3",
      "brand": "Audi",
      "model": "RS3",
      "energy": "Essence",
      "gearbox": "Automatique",
      "color": "Bleu",
      "seats": 4,
      "critair": 1,
      "power": 29,
      "price": 46590,
      "year": 2019,
      "km": 34480,
      "garage": 1
    }
  },
  {
    "model": "garage.vehicle",
    "pk": 3,
    "fields": {
      "name": "Audi RS4",
      "brand": "Audi",
      "model": "RS4",
      "energy": "Essence",
      "gearbox": "Automatique",
      "color": "Rouge",
      "seats": 4,
      "critair": 1,
      "power": 34,
      "price": 74400,
      "year": 2018,
      "km": 42020,
      "garage": 1
    }
  },
  {
    "model": "garage.vehicle",
    "pk": 4,
    "fields": {
      "name": "BMW 5 series",
      "brand": "BMW",
      "model": "5 series",
      "energy": "Essence",
      "gearbox": "Automatique",
      "color": "Blanc",
      "seats": 4,
      "critair": 1,
      "power": 25,
      "price": 41000,
      "year": 2015,
      "km": 87300,
      "garage": 1
    }
  },
  {
    "model": "garage.vehicle",
    "pk": 5,
    "fields": {
      "name": "BMW 7 series",
      "brand": "BMW",
      "model": "7 series",
      "energy": "Essence",
      "gearbox": "Automatique",
      "color": "Noir",
      "seats": 4,
      "critair": 1,
      "power": 23,
      "price": 64200,
      "year": 2020,
      "km": 31200,
      "garage": 1
    }
  },
  {
    "model": "garage.vehicle",
    "pk": 6,
    "fields": {
      "name": "BMW i3",
      "brand": "BMW",
      "model": "i3",
      "energy": "Électrique",
      "gearbox": "Automatique",
      "color": "Bleu/Noire",
      "seats": 4,
      "critair": 0,
      "power": 3,
      "price": 19990,
      "year": 2021,
      "km": 20870,
      "garage": 1
    }
  },
  {
    "model": "garage.vehicle",
    "pk": 7,
    "fields": {
      "name": "BMW X1",
      "brand": "BMW",
      "model": "X1",
      "energy": "Hybride",
      "gearbox": "Automatique",
      "color": "Blanc",
      "seats": 4,
      "critair": 1,
      "power": 14,
      "price": 33590,
      "year": 2020,
      "km": 75300,
      "garage": 1
    }
  },
  {
    "model": "garage.vehicle",
    "pk": 8,
    "fields": {
      "name": "Ford Explorer",
      "brand": "Ford",
      "model": "Explorer",
      "energy": "Diesel",
      "gearbox": "Automatique",
      "color": "Gris",
      "seats": 4,
      "critair": 2,
      "power": 25,
      "price": 18400,
      "year": 2015,
      "km": 97210,
      "garage": 1
    }
  },
  {
    "model": "garage.vehicle",
    "pk": 9,
    "fields": {
      "name": "Ford Ka",
      "brand": "Ford",
      "model": "Ka",
      "energy": "Diesel",
      "gearbox": "Manuelle",
      "color": "Rouge",
      "seats": 2,
      "critair": 3,
      "power": 4,
      "price": 8890,
      "year": 2012,
      "km": 115300,
      "garage": 1
    }
  },
  {
    "model": "garage.vehicle",
    "pk": 10,
    "fields": {
      "name": "Ford Kuga",
      "brand": "Ford",
      "model": "Kuga",
      "energy": "Diesel",
      "gearbox": "Manuelle",
      "color": "Beige",
      "seats": 6,
      "critair": 2,
      "power": 12,
      "price": 21800,
      "year": 2016,
      "km": 67390,
      "garage": 1
    }
  },
  {
    "model": "garage.vehicle",
    "pk": 11,
    "fields": {
      "name": "Honda CR-V",
      "brand": "Honda",
      "model": "CR-V",
      "energy": "Diesel",
      "gearbox": "Automatique",
      "color": "Rouge",
      "seats": 6,
      "critair": 2,
      "power": 11,
      "price": 22500,
      "year": 2014,
      "km": 92400,
      "garage": 1
    }
  },
  {
    "model": "garage.vehicle",
    "pk": 12,
    "fields": {
      "name": "Hyundai i20",
      "brand": "Hyundai",
      "model": "i20",
      "energy": "Hybride",
      "gearbox": "Manuelle",
      "color": "Beige",
      "seats": 4,
      "critair": 1,
      "power": 6,
      "price": 12900,
      "year": 2017,
      "km": 89200,
      "garage": 1
    }
  },
  {
    "model": "garage.vehicle",
    "pk": 13,
    "fields": {
      "name": "Jeep Cherokee",
      "brand": "Jeep",
      "model": "Cherokee",
      "energy": "Essence",
      "gearbox": "Automatique",
      "color": "Blanc",
      "seats": 5,
      "critair": 1,
      "power": 13,
      "price": 28400,
      "year": 2020,
      "km": 64500,
      "garage": 1
    }
  },
  {
    "model": "garage.vehicle",
    "pk": 14,
    "fields": {
      "name": "Land Rover Range Rover",
      "brand": "Land Rover",
      "model": "Range Rover",
      "energy": "Essence",
      "gearbox": "Automatique",
      "color": "Gris",
      "seats": 5,
      "critair": 1,
      "power": 11,
      "price": 36200,
      "year": 2019,
      "km": 88800,
      "garage": 1
    }
  },
  {
    "model": "garage.vehicle",
    "pk": 15,
    "fields": {
      "name": "Land Rover Range Velar",
      "brand": "Land Rover",
      "model": "Range Velar",
      "energy": "Hybride",
      "gearbox": "Automatique",
      "color": "Gris",
      "seats": 5,
      "critair": 1,
      "power": 9,
      "price": 30900,
      "year": 2018,
      "km": 66200,
      "garage": 1
    }
  },
  {
    "model": "garage.vehicle",
    "pk": 16,
    "fields": {
      "name": "Lexus ES",
      "brand": "Lexus",
      "model": "ES",
      "energy": "Essence",
      "gearbox": "Automatique",
      "color": "Bleu",
      "seats": 4,
      "critair": 1,
      "power": 12,
      "price": 27800,
      "year": 2016,
      "km": 101700,
      "garage": 1
    }
  },
  {
    "model": "garage.vehicle",
    "pk": 17,
    "fields": {
      "name": "Mazda CX-9",
      "brand": "Mazda",
      "model": "CX-9",
      "energy": "Diesel",
      "gearbox": "Manuelle",
      "color": "Noir",
      "seats": 5,
      "critair": 2,
      "power": 8,
      "price": 24000,
      "year": 2020,
      "km": 104100,
      "garage": 1
    }
  },
  {
    "model": "garage.vehicle",
    "pk": 18,
    "fields": {
      "name": "Mercedes Class A",
      "brand": "Mercedes",
      "model": "Class A",
      "energy": "Essence",
      "gearbox": "Automatique",
      "color": "Blanc",
      "seats": 4,
      "critair": 1,
      "power": 19,
      "price": 37500,
      "year": 2017,
      "km": 36300,
      "garage": 1
    }
  },
  {
    "model": "garage.vehicle",
    "pk": 19,
    "fields": {
      "name": "Mercedes Class GLA",
      "brand": "Mercedes",
      "model": "Class GLA",
      "energy": "Essence",
      "gearbox": "Automatique",
      "color": "Gris",
      "seats": 5,
      "critair": 1,
      "power": 12,
      "price": 42000,
      "year": 2018,
      "km": 57400,
      "garage": 1
    }
  },
  {
    "model": "garage.vehicle",
    "pk": 20,
    "fields": {
      "name": "Mercedes Class C",
      "brand": "Mercedes",
      "model": "Class C",
      "energy": "Diesel",
      "gearbox": "Manuelle",
      "color": "Blanc",
      "seats": 4,
      "critair": 2,
      "power": 9,
      "price": 28900,
      "year": 2019,
      "km": 80600,
      "garage": 1
    }
  },
  {
    "model": "garage.vehicle",
    "pk": 21,
    "fields": {
      "name": "Mini Clubman",
      "brand": "Mini",
      "model": "Clubman",
      "energy": "Essence",
      "gearbox": "Manuelle",
      "color": "Gris",
      "seats": 4,
      "critair": 1,
      "power": 8,
      "price": 22500,
      "year": 2015,
      "km": 106300,
      "garage": 1
    }
  },
  {
    "model": "garage.vehicle",
    "pk": 22,
    "fields": {
      "name": "Nissan Altima",
      "brand": "Nissan",
      "model": "Altima",
      "energy": "Essence",
      "gearbox": "Manuelle",
      "color": "Blanc",
      "seats": 4,
      "critair": 1,
      "power": 10,
      "price": 26700,
      "year": 2019,
      "km": 110800,
      "garage": 1
    }
  },
  {
    "model": "garage.vehicle",
    "pk": 23,
    "fields": {
      "name": "Nissan GT-R",
      "brand": "Nissan",
      "model": "GT-R",
      "energy": "Essence",
      "gearbox": "Automatique",
      "color": "Orange",
      "seats": 2,
      "critair": 1,
      "power": 24,
      "price": 32500,
      "year": 2018,
      "km": 69800,
      "garage": 1
    }
  },
  {
    "model": "garage.vehicle",
    "pk": 24,
    "fields": {
      "name": "Nissan Micra",
      "brand": "Nissan",
      "model": "Micra",
      "energy": "Essence",
      "gearbox": "Manuelle",
      "color": "Orange",
      "seats": 4,
      "critair": 1,
      "power": 5,
      "price": 9700,
      "year": 2014,
      "km": 110300,
      "garage": 1
    }
  },
  {
    "model": "garage.vehicle",
    "pk": 25,
    "fields": {
      "name": "Nissan Rogue",
      "brand": "Nissan",
      "model": "Rogue",
      "energy": "Diesel",
      "gearbox": "Automatique",
      "color": "Orange",
      "seats": 6,
      "critair": 2,
      "power": 9,
      "price": 24500,
      "year": 2019,
      "km": 92100,
      "garage": 1
    }
  },
  {
    "model": "garage.vehicle",
    "pk": 26,
    "fields": {
      "name": "Peugeot 208",
      "brand": "Peugeot",
      "model": "208",
      "energy": "Diesel",
      "gearbox": "Manuelle",
      "color": "Rouge",
      "seats": 4,
      "critair": 2,
      "power": 5,
      "price": 11000,
      "year": 2015,
      "km": 121400,
      "garage": 1
    }
  },
  {
    "model": "garage.vehicle",
    "pk": 27,
    "fields": {
      "name": "Porsche Panamera",
      "brand": "Porsche",
      "model": "Panamera",
      "energy": "Essence",
      "gearbox": "Automatique",
      "color": "Grise",
      "seats": 2,
      "critair": 1,
      "power": 40,
      "price": 92000,
      "year": 2019,
      "km": 52300,
      "garage": 1
    }
  },
  {
    "model": "garage.vehicle",
    "pk": 28,
    "fields": {
      "name": "Renault Kadjar",
      "brand": "Renault",
      "model": "Kadjar",
      "energy": "Essence",
      "gearbox": "Manuelle",
      "color": "Rouge",
      "seats": 5,
      "critair": 1,
      "power": 6,
      "price": 12400,
      "year": 2019,
      "km": 77500,
      "garage": 1
    }
  },
  {
    "model": "garage.vehicle",
    "pk": 29,
    "fields": {
      "name": "Renault Scenic",
      "brand": "Renault",
      "model": "Scenic",
      "energy": "Diesel",
      "gearbox": "Manuelle",
      "color": "Orange",
      "seats": 6,
      "critair": 3,
      "power": 7,
      "price": 9000,
      "year": 2014,
      "km": 121500,
      "garage": 1
    }
  },
  {
    "model": "garage.vehicle",
    "pk": 30,
    "fields": {
      "name": "Seat Ibiza",
      "brand": "Seat",
      "model": "Ibiza",
      "energy": "Essence",
      "gearbox": "Manuelle",
      "color": "Rouge",
      "seats": 4,
      "critair": 1,
      "power": 8,
      "price": 12400,
      "year": 2017,
      "km": 78900,
      "garage": 1
    }
  },
  {
    "model": "garage.vehicle",
    "pk": 31,
    "fields": {
      "name": "Seat Leon",
      "brand": "Seat",
      "model": "Leon",
      "energy": "Essence",
      "gearbox": "Manuelle",
      "color": "Rouge",
      "seats": 4,
      "critair": 1,
      "power": 6,
      "price": 11200,
      "year": 2016,
      "km": 81560,
      "garage": 1
    }
  },
  {
    "model": "garage.vehicle",
    "pk": 32,
    "fields": {
      "name": "Skoda Fabia",
      "brand": "Skoda",
      "model": "Fabia",
      "energy": "Essence",
      "gearbox": "Manuelle",
      "color": "Rouge",
      "seats": 4,
      "critair": 1,
      "power": 7,
      "price": 14900,
      "year": 2017,
      "km": 53600,
      "garage": 1
    }
  },
  {
    "model": "garage.vehicle",
    "pk": 33,
    "fields": {
      "name": "Skoda Felicia",
      "brand": "Skoda",
      "model": "Felicia",
      "energy": "Diesel",
      "gearbox": "Manuelle",
      "color": "Rose",
      "seats": 2,
      "critair": 3,
      "power": 7,
      "price": 10890,
      "year": 2011,
      "km": 72100,
      "garage": 1
    }
  },
  {
    "model": "garage.vehicle",
    "pk": 34,
    "fields": {
      "name": "Skoda Octavia",
      "brand": "Skoda",
      "model": "Octavia",
      "energy": "Essence",
      "gearbox": "Automatique",
      "color": "Bleu",
      "seats": 5,
      "critair": 1,
      "power": 9,
      "price": 18000,
      "year": 2015,
      "km": 98300,
      "garage": 1
    }
  },
  {
    "model": "garage.vehicle",
    "pk": 35,
    "fields": {
      "name": "Tesla Model X",
      "brand": "Tesla",
      "model": "Model X",
      "energy": "Électrique",
      "gearbox": "Automatique",
      "color": "Blanc",
      "seats": 4,
      "critair": 0,
      "power": 14,
      "price": 36500,
      "year": 2022,
      "km": 26860,
      "garage": 1
    }
  },
  {
    "model": "garage.vehicle",
    "pk": 36,
    "fields": {
      "name": "Toyota Avensis",
      "brand": "Toyota",
      "model": "Avensis",
      "energy": "Diesel",
      "gearbox": "Manuelle",
      "color": "Gris",
      "seats": 4,
      "critair": 2,
      "power": 8,
      "price": 17700,
      "year": 2015,
      "km": 107900,
      "garage": 1
    }
  },
  {
    "model": "garage.vehicle",
    "pk": 37,
    "fields": {
      "name": "Toyota Highlander",
      "brand": "Toyota",
      "model": "Highlander",
      "energy": "Diesel",
      "gearbox": "Automatique",
      "color": "Bordeaux",
      "seats": 7,
      "critair": 2,
      "power": 18,
      "price": 18690,
      "year": 2015,
      "km": 117200,
      "garage": 1
    }
  },
  {
    "model": "garage.vehicle",
    "pk": 38,
    "fields": {
      "name": "Toyota Rav4",
      "brand": "Toyota",
      "model": "Rav4",
      "energy": "Hybride",
      "gearbox": "Manuelle",
      "color": "Bleu",
      "seats": 6,
      "critair": 1,
      "power": 9,
      "price": 22700,
      "year": 2018,
      "km": 74600,
      "garage": 1
    }
  },
  {
    "model": "garage.vehicle",
    "pk": 39,
    "fields": {
      "name": "Toyota Tacoma",
      "brand": "Toyota",
      "model": "Tacoma",
      "energy": "Diesel",
      "gearbox": "Automatique",
      "color": "Noir",
      "seats": 6,
      "critair": 3,
      "power": 16,
      "price": 22800,
      "year": 2013,
      "km": 120400,
      "garage": 1
    }
  },
  {
    "model": "garage.vehicle",
    "pk": 40,
    "fields": {
      "name": "Toyota Tundra",
      "brand": "Toyota",
      "model": "Tundra",
      "energy": "Diesel",
      "gearbox": "Manuelle",
      "color": "Gris",
      "seats": 6,
      "critair": 2,
      "power": 14,
      "price": 18700,
      "year": 2016,
      "km": 108200,
      "garage": 1
    }
  },
  {
    "model": "garage.vehicle",
    "pk": 41,
    "fields": {
      "name": "Vauxhall Corsa",
      "brand": "Vauxhall",
      "model": "Corsa",
      "energy": "Essence",
      "gearbox": "Manuelle",
      "color": "Blanc",
      "seats": 4,
      "critair": 1,
      "power": 5,
      "price": 11300,
      "year": 2017,
      "km": 89600,
      "garage": 1
    }
  },
  {
    "model": "garage.vehicle",
    "pk": 42,
    "fields": {
      "name": "Volkswagen Jetta",
      "brand": "Volkswagen",
      "model": "Jetta",
      "energy": "Essence",
      "gearbox": "Automatique",
      "color": "Blanc",
      "seats": 4,
      "critair": 1,
      "power": 8,
      "price": 23200,
      "year": 2020,
      "km": 45400,
      "garage": 1
    }
  },
  {
    "model": "garage.vehicle",
    "pk": 43,
    "fields": {
      "name": "Volkswagen Touran",
      "brand": "Volkswagen",
      "model": "Touran",
      "energy": "Essence",
      "gearbox": "Automatique",
      "color": "Bleu",
      "seats": 6,
      "critair": 1,
      "power": 7,
      "price": 21800,
      "year": 2021,
      "km": 67100,
      "garage": 1
    }
  },
  {
    "model": "garage.vehiclepicture",
    "pk": 6,
    "fields": {
      "vehicle": 2,
      "picture": "uploads/2023/11/audi-rs3.webp"
    }
  },
  {
    "model": "garage.vehiclepicture",
    "pk": 7,
    "fields": {
      "vehicle": 2,
      "picture": "uploads/2023/11/vehicle-placeholder-1.webp"
    }
  },
  {
    "model": "garage.vehiclepicture",
    "pk": 8,
    "fields": {
      "vehicle": 2,
      "picture": "uploads/2023/11/vehicle-placeholder-2.webp"
    }
  },
  {
    "model": "garage.vehiclepicture",
    "pk": 9,
    "fields": {
      "vehicle": 2,
      "picture": "uploads/2023/11/vehicle-placeholder-3.webp"
    }
  },
  {
    "model": "garage.vehiclepicture",
    "pk": 10,
    "fields": {
      "vehicle": 2,
      "picture": "uploads/2023/11/vehicle-placeholder-4.webp"
    }
  },
  {
    "model": "garage.vehiclepicture",
    "pk": 11,
    "fields": {
      "vehicle": 2,
      "picture": "uploads/2023/11/vehicle-placeholder-5.webp"
    }
  },
  {
    "model": "garage.vehiclepicture",
    "pk": 13,
    "fields": {
      "vehicle": 3,
      "picture": "uploads/2023/11/audi-rs4.webp"
    }
  },
  {
    "model": "garage.vehiclepicture",
    "pk": 14,
    "fields": {
      "vehicle": 3,
      "picture": "uploads/2023/11/vehicle-placeholder-1.webp"
    }
  },
  {
    "model": "garage.vehiclepicture",
    "pk": 15,
    "fields": {
      "vehicle": 3,
      "picture": "uploads/2023/11/vehicle-placeholder-2.webp"
    }
  },
  {
    "model": "garage.vehiclepicture",
    "pk": 16,
    "fields": {
      "vehicle": 3,
      "picture": "uploads/2023/11/vehicle-placeholder-3.webp"
    }
  },
  {
    "model": "garage.vehiclepicture",
    "pk": 17,
    "fields": {
      "vehicle": 3,
      "picture": "uploads/2023/11/vehicle-placeholder-4.webp"
    }
  },
  {
    "model": "garage.vehiclepicture",
    "pk": 18,
    "fields": {
      "vehicle": 3,
      "picture": "uploads/2023/11/vehicle-placeholder-5.webp"
    }
  },
  {
    "model": "garage.vehiclepicture",
    "pk": 19,
    "fields": {
      "vehicle": 4,
      "picture": "uploads/2023/11/bmw-5-series.webp"
    }
  },
  {
    "model": "garage.vehiclepicture",
    "pk": 20,
    "fields": {
      "vehicle": 4,
      "picture": "uploads/2023/11/vehicle-placeholder-1.webp"
    }
  },
  {
    "model": "garage.vehiclepicture",
    "pk": 21,
    "fields": {
      "vehicle": 4,
      "picture": "uploads/2023/11/vehicle-placeholder-2.webp"
    }
  },
  {
    "model": "garage.vehiclepicture",
    "pk": 22,
    "fields": {
      "vehicle": 4,
      "picture": "uploads/2023/11/vehicle-placeholder-3.webp"
    }
  },
  {
    "model": "garage.vehiclepicture",
    "pk": 23,
    "fields": {
      "vehicle": 4,
      "picture": "uploads/2023/11/vehicle-placeholder-4.webp"
    }
  },
  {
    "model": "garage.vehiclepicture",
    "pk": 24,
    "fields": {
      "vehicle": 4,
      "picture": "uploads/2023/11/vehicle-placeholder-5.webp"
    }
  },
  {
    "model": "garage.vehiclepicture",
    "pk": 25,
    "fields": {
      "vehicle": 5,
      "picture": "uploads/2023/11/bmw-7-series.webp"
    }
  },
  {
    "model": "garage.vehiclepicture",
    "pk": 26,
    "fields": {
      "vehicle": 5,
      "picture": "uploads/2023/11/vehicle-placeholder-1.webp"
    }
  },
  {
    "model": "garage.vehiclepicture",
    "pk": 27,
    "fields": {
      "vehicle": 5,
      "picture": "uploads/2023/11/vehicle-placeholder-2.webp"
    }
  },
  {
    "model": "garage.vehiclepicture",
    "pk": 28,
    "fields": {
      "vehicle": 5,
      "picture": "uploads/2023/11/vehicle-placeholder-3.webp"
    }
  },
  {
    "model": "garage.vehiclepicture",
    "pk": 30,
    "fields": {
      "vehicle": 5,
      "picture": "uploads/2023/11/vehicle-placeholder-4.webp"
    }
  },
  {
    "model": "garage.vehiclepicture",
    "pk": 31,
    "fields": {
      "vehicle": 5,
      "picture": "uploads/2023/11/vehicle-placeholder-5.webp"
    }
  },
  {
    "model": "garage.vehiclepicture",
    "pk": 32,
    "fields": {
      "vehicle": 6,
      "picture": "uploads/2023/11/bmw-i3.webp"
    }
  },
  {
    "model": "garage.vehiclepicture",
    "pk": 33,
    "fields": {
      "vehicle": 6,
      "picture": "uploads/2023/11/vehicle-placeholder-1.webp"
    }
  },
  {
    "model": "garage.vehiclepicture",
    "pk": 34,
    "fields": {
      "vehicle": 6,
      "picture": "uploads/2023/11/vehicle-placeholder-2.webp"
    }
  },
  {
    "model": "garage.vehiclepicture",
    "pk": 35,
    "fields": {
      "vehicle": 6,
      "picture": "uploads/2023/11/vehicle-placeholder-3.webp"
    }
  },
  {
    "model": "garage.vehiclepicture",
    "pk": 36,
    "fields": {
      "vehicle": 6,
      "picture": "uploads/2023/11/vehicle-placeholder-4.webp"
    }
  },
  {
    "model": "garage.vehiclepicture",
    "pk": 37,
    "fields": {
      "vehicle": 6,
      "picture": "uploads/2023/11/vehicle-placeholder-5.webp"
    }
  },
  {
    "model": "garage.vehiclepicture",
    "pk": 38,
    "fields": {
      "vehicle": 7,
      "picture": "uploads/2023/11/bmw-x1.webp"
    }
  },
  {
    "model": "garage.vehiclepicture",
    "pk": 39,
    "fields": {
      "vehicle": 7,
      "picture": "uploads/2023/11/vehicle-placeholder-1.webp"
    }
  },
  {
    "model": "garage.vehiclepicture",
    "pk": 40,
    "fields": {
      "vehicle": 7,
      "picture": "uploads/2023/11/vehicle-placeholder-2.webp"
    }
  },
  {
    "model": "garage.vehiclepicture",
    "pk": 41,
    "fields": {
      "vehicle": 7,
      "picture": "uploads/2023/11/vehicle-placeholder-3.webp"
    }
  },
  {
    "model": "garage.vehiclepicture",
    "pk": 42,
    "fields": {
      "vehicle": 7,
      "picture": "uploads/2023/11/vehicle-placeholder-4.webp"
    }
  },
  {
    "model": "garage.vehiclepicture",
    "pk": 43,
    "fields": {
      "vehicle": 7,
      "picture": "uploads/2023/11/vehicle-placeholder-5.webp"
    }
  },
  {
    "model": "garage.vehiclepicture",
    "pk": 44,
    "fields": {
      "vehicle": 1,
      "picture": "uploads/2023/11/audi-r8.webp"
    }
  },
  {
    "model": "garage.vehiclepicture",
    "pk": 45,
    "fields": {
      "vehicle": 1,
      "picture": "uploads/2023/11/vehicle-placeholder-1.webp"
    }
  },
  {
    "model": "garage.vehiclepicture",
    "pk": 46,
    "fields": {
      "vehicle": 1,
      "picture": "uploads/2023/11/vehicle-placeholder-2.webp"
    }
  },
  {
    "model": "garage.vehiclepicture",
    "pk": 47,
    "fields": {
      "vehicle": 1,
      "picture": "uploads/2023/11/vehicle-placeholder-3.webp"
    }
  },
  {
    "model": "garage.vehiclepicture",
    "pk": 48,
    "fields": {
      "vehicle": 1,
      "picture": "uploads/2023/11/vehicle-placeholder-4.webp"
    }
  },
  {
    "model": "garage.vehiclepicture",
    "pk": 49,
    "fields": {
      "vehicle": 1,
      "picture": "uploads/2023/11/vehicle-placeholder-5.webp"
    }
  },
  {
    "model": "garage.vehiclepicture",
    "pk": 50,
    "fields": {
      "vehicle": 8,
      "picture": "uploads/2023/11/ford-explorer.webp"
    }
  },
  {
    "model": "garage.vehiclepicture",
    "pk": 51,
    "fields": {
      "vehicle": 8,
      "picture": "uploads/2023/11/vehicle-placeholder-1.webp"
    }
  },
  {
    "model": "garage.vehiclepicture",
    "pk": 52,
    "fields": {
      "vehicle": 8,
      "picture": "uploads/2023/11/vehicle-placeholder-2.webp"
    }
  },
  {
    "model": "garage.vehiclepicture",
    "pk": 53,
    "fields": {
      "vehicle": 8,
      "picture": "uploads/2023/11/vehicle-placeholder-3.webp"
    }
  },
  {
    "model": "garage.vehiclepicture",
    "pk": 54,
    "fields": {
      "vehicle": 8,
      "picture": "uploads/2023/11/vehicle-placeholder-4.webp"
    }
  },
  {
    "model": "garage.vehiclepicture",
    "pk": 55,
    "fields": {
      "vehicle": 8,
      "picture": "uploads/2023/11/vehicle-placeholder-5.webp"
    }
  },
  {
    "model": "garage.vehiclepicture",
    "pk": 56,
    "fields": {
      "vehicle": 9,
      "picture": "uploads/2023/11/ford-ka.webp"
    }
  },
  {
    "model": "garage.vehiclepicture",
    "pk": 57,
    "fields": {
      "vehicle": 9,
      "picture": "uploads/2023/11/vehicle-placeholder-1.webp"
    }
  },
  {
    "model": "garage.vehiclepicture",
    "pk": 58,
    "fields": {
      "vehicle": 9,
      "picture": "uploads/2023/11/vehicle-placeholder-2.webp"
    }
  },
  {
    "model": "garage.vehiclepicture",
    "pk": 59,
    "fields": {
      "vehicle": 9,
      "picture": "uploads/2023/11/vehicle-placeholder-3.webp"
    }
  },
  {
    "model": "garage.vehiclepicture",
    "pk": 60,
    "fields": {
      "vehicle": 9,
      "picture": "uploads/2023/11/vehicle-placeholder-4.webp"
    }
  },
  {
    "model": "garage.vehiclepicture",
    "pk": 61,
    "fields": {
      "vehicle": 9,
      "picture": "uploads/2023/11/vehicle-placeholder-5.webp"
    }
  },
  {
    "model": "garage.vehiclepicture",
    "pk": 62,
    "fields": {
      "vehicle": 10,
      "picture": "uploads/2023/11/ford-kuga.webp"
    }
  },
  {
    "model": "garage.vehiclepicture",
    "pk": 63,
    "fields": {
      "vehicle": 10,
      "picture": "uploads/2023/11/vehicle-placeholder-1.webp"
    }
  },
  {
    "model": "garage.vehiclepicture",
    "pk": 64,
    "fields": {
      "vehicle": 10,
      "picture": "uploads/2023/11/vehicle-placeholder-2.webp"
    }
  },
  {
    "model": "garage.vehiclepicture",
    "pk": 65,
    "fields": {
      "vehicle": 10,
      "picture": "uploads/2023/11/vehicle-placeholder-3.webp"
    }
  },
  {
    "model": "garage.vehiclepicture",
    "pk": 66,
    "fields": {
      "vehicle": 10,
      "picture": "uploads/2023/11/vehicle-placeholder-4.webp"
    }
  },
  {
    "model": "garage.vehiclepicture",
    "pk": 67,
    "fields": {
      "vehicle": 10,
      "picture": "uploads/2023/11/vehicle-placeholder-5.webp"
    }
  },
  {
    "model": "garage.vehiclepicture",
    "pk": 68,
    "fields": {
      "vehicle": 11,
      "picture": "uploads/2023/11/honda-cr-v.webp"
    }
  },
  {
    "model": "garage.vehiclepicture",
    "pk": 69,
    "fields": {
      "vehicle": 11,
      "picture": "uploads/2023/11/vehicle-placeholder-1.webp"
    }
  },
  {
    "model": "garage.vehiclepicture",
    "pk": 70,
    "fields": {
      "vehicle": 11,
      "picture": "uploads/2023/11/vehicle-placeholder-2.webp"
    }
  },
  {
    "model": "garage.vehiclepicture",
    "pk": 71,
    "fields": {
      "vehicle": 11,
      "picture": "uploads/2023/11/vehicle-placeholder-3.webp"
    }
  },
  {
    "model": "garage.vehiclepicture",
    "pk": 72,
    "fields": {
      "vehicle": 11,
      "picture": "uploads/2023/11/vehicle-placeholder-4.webp"
    }
  },
  {
    "model": "garage.vehiclepicture",
    "pk": 73,
    "fields": {
      "vehicle": 11,
      "picture": "uploads/2023/11/vehicle-placeholder-5.webp"
    }
  },
  {
    "model": "garage.vehiclepicture",
    "pk": 74,
    "fields": {
      "vehicle": 12,
      "picture": "uploads/2023/11/hyundai-i20.webp"
    }
  },
  {
    "model": "garage.vehiclepicture",
    "pk": 75,
    "fields": {
      "vehicle": 12,
      "picture": "uploads/2023/11/vehicle-placeholder-1.webp"
    }
  },
  {
    "model": "garage.vehiclepicture",
    "pk": 76,
    "fields": {
      "vehicle": 12,
      "picture": "uploads/2023/11/vehicle-placeholder-2.webp"
    }
  },
  {
    "model": "garage.vehiclepicture",
    "pk": 77,
    "fields": {
      "vehicle": 12,
      "picture": "uploads/2023/11/vehicle-placeholder-3.webp"
    }
  },
  {
    "model": "garage.vehiclepicture",
    "pk": 78,
    "fields": {
      "vehicle": 12,
      "picture": "uploads/2023/11/vehicle-placeholder-4.webp"
    }
  },
  {
    "model": "garage.vehiclepicture",
    "pk": 79,
    "fields": {
      "vehicle": 12,
      "picture": "uploads/2023/11/vehicle-placeholder-5.webp"
    }
  },
  {
    "model": "garage.vehiclepicture",
    "pk": 80,
    "fields": {
      "vehicle": 13,
      "picture": "uploads/2023/11/jeep-cherokee.webp"
    }
  },
  {
    "model": "garage.vehiclepicture",
    "pk": 81,
    "fields": {
      "vehicle": 13,
      "picture": "uploads/2023/11/vehicle-placeholder-1.webp"
    }
  },
  {
    "model": "garage.vehiclepicture",
    "pk": 82,
    "fields": {
      "vehicle": 13,
      "picture": "uploads/2023/11/vehicle-placeholder-2.webp"
    }
  },
  {
    "model": "garage.vehiclepicture",
    "pk": 83,
    "fields": {
      "vehicle": 13,
      "picture": "uploads/2023/11/vehicle-placeholder-3.webp"
    }
  },
  {
    "model": "garage.vehiclepicture",
    "pk": 84,
    "fields": {
      "vehicle": 13,
      "picture": "uploads/2023/11/vehicle-placeholder-4.webp"
    }
  },
  {
    "model": "garage.vehiclepicture",
    "pk": 85,
    "fields": {
      "vehicle": 13,
      "picture": "uploads/2023/11/vehicle-placeholder-5.webp"
    }
  },
  {
    "model": "garage.vehiclepicture",
    "pk": 86,
    "fields": {
      "vehicle": 14,
      "picture": "uploads/2023/11/land-rover-range-rover.webp"
    }
  },
  {
    "model": "garage.vehiclepicture",
    "pk": 87,
    "fields": {
      "vehicle": 14,
      "picture": "uploads/2023/11/vehicle-placeholder-1.webp"
    }
  },
  {
    "model": "garage.vehiclepicture",
    "pk": 88,
    "fields": {
      "vehicle": 14,
      "picture": "uploads/2023/11/vehicle-placeholder-2.webp"
    }
  },
  {
    "model": "garage.vehiclepicture",
    "pk": 89,
    "fields": {
      "vehicle": 14,
      "picture": "uploads/2023/11/vehicle-placeholder-3.webp"
    }
  },
  {
    "model": "garage.vehiclepicture",
    "pk": 90,
    "fields": {
      "vehicle": 14,
      "picture": "uploads/2023/11/vehicle-placeholder-4.webp"
    }
  },
  {
    "model": "garage.vehiclepicture",
    "pk": 91,
    "fields": {
      "vehicle": 14,
      "picture": "uploads/2023/11/vehicle-placeholder-5.webp"
    }
  },
  {
    "model": "garage.vehiclepicture",
    "pk": 92,
    "fields": {
      "vehicle": 15,
      "picture": "uploads/2023/11/land-rover-range-velar.webp"
    }
  },
  {
    "model": "garage.vehiclepicture",
    "pk": 93,
    "fields": {
      "vehicle": 15,
      "picture": "uploads/2023/11/vehicle-placeholder-1.webp"
    }
  },
  {
    "model": "garage.vehiclepicture",
    "pk": 94,
    "fields": {
      "vehicle": 15,
      "picture": "uploads/2023/11/vehicle-placeholder-2.webp"
    }
  },
  {
    "model": "garage.vehiclepicture",
    "pk": 95,
    "fields": {
      "vehicle": 15,
      "picture": "uploads/2023/11/vehicle-placeholder-3.webp"
    }
  },
  {
    "model": "garage.vehiclepicture",
    "pk": 96,
    "fields": {
      "vehicle": 15,
      "picture": "uploads/2023/11/vehicle-placeholder-4.webp"
    }
  },
  {
    "model": "garage.vehiclepicture",
    "pk": 97,
    "fields": {
      "vehicle": 15,
      "picture": "uploads/2023/11/vehicle-placeholder-5.webp"
    }
  },
  {
    "model": "garage.vehiclepicture",
    "pk": 98,
    "fields": {
      "vehicle": 16,
      "picture": "uploads/2023/11/lexus-es.webp"
    }
  },
  {
    "model": "garage.vehiclepicture",
    "pk": 99,
    "fields": {
      "vehicle": 16,
      "picture": "uploads/2023/11/vehicle-placeholder-1.webp"
    }
  },
  {
    "model": "garage.vehiclepicture",
    "pk": 100,
    "fields": {
      "vehicle": 16,
      "picture": "uploads/2023/11/vehicle-placeholder-2.webp"
    }
  },
  {
    "model": "garage.vehiclepicture",
    "pk": 101,
    "fields": {
      "vehicle": 16,
      "picture": "uploads/2023/11/vehicle-placeholder-3.webp"
    }
  },
  {
    "model": "garage.vehiclepicture",
    "pk": 102,
    "fields": {
      "vehicle": 16,
      "picture": "uploads/2023/11/vehicle-placeholder-4.webp"
    }
  },
  {
    "model": "garage.vehiclepicture",
    "pk": 103,
    "fields": {
      "vehicle": 16,
      "picture": "uploads/2023/11/vehicle-placeholder-5.webp"
    }
  },
  {
    "model": "garage.vehiclepicture",
    "pk": 104,
    "fields": {
      "vehicle": 17,
      "picture": "uploads/2023/11/mazda-cx-9.webp"
    }
  },
  {
    "model": "garage.vehiclepicture",
    "pk": 105,
    "fields": {
      "vehicle": 17,
      "picture": "uploads/2023/11/vehicle-placeholder-1.webp"
    }
  },
  {
    "model": "garage.vehiclepicture",
    "pk": 106,
    "fields": {
      "vehicle": 17,
      "picture": "uploads/2023/11/vehicle-placeholder-2.webp"
    }
  },
  {
    "model": "garage.vehiclepicture",
    "pk": 107,
    "fields": {
      "vehicle": 17,
      "picture": "uploads/2023/11/vehicle-placeholder-3.webp"
    }
  },
  {
    "model": "garage.vehiclepicture",
    "pk": 108,
    "fields": {
      "vehicle": 17,
      "picture": "uploads/2023/11/vehicle-placeholder-4.webp"
    }
  },
  {
    "model": "garage.vehiclepicture",
    "pk": 109,
    "fields": {
      "vehicle": 17,
      "picture": "uploads/2023/11/vehicle-placeholder-5.webp"
    }
  },
  {
    "model": "garage.vehiclepicture",
    "pk": 110,
    "fields": {
      "vehicle": 18,
      "picture": "uploads/2023/11/mercedes-a-class.webp"
    }
  },
  {
    "model": "garage.vehiclepicture",
    "pk": 111,
    "fields": {
      "vehicle": 18,
      "picture": "uploads/2023/11/vehicle-placeholder-1.webp"
    }
  },
  {
    "model": "garage.vehiclepicture",
    "pk": 112,
    "fields": {
      "vehicle": 18,
      "picture": "uploads/2023/11/vehicle-placeholder-2.webp"
    }
  },
  {
    "model": "garage.vehiclepicture",
    "pk": 113,
    "fields": {
      "vehicle": 18,
      "picture": "uploads/2023/11/vehicle-placeholder-3.webp"
    }
  },
  {
    "model": "garage.vehiclepicture",
    "pk": 114,
    "fields": {
      "vehicle": 18,
      "picture": "uploads/2023/11/vehicle-placeholder-4.webp"
    }
  },
  {
    "model": "garage.vehiclepicture",
    "pk": 115,
    "fields": {
      "vehicle": 18,
      "picture": "uploads/2023/11/vehicle-placeholder-5.webp"
    }
  },
  {
    "model": "garage.vehiclepicture",
    "pk": 116,
    "fields": {
      "vehicle": 19,
      "picture": "uploads/2023/11/mercedes-benz-gla-class.webp"
    }
  },
  {
    "model": "garage.vehiclepicture",
    "pk": 117,
    "fields": {
      "vehicle": 19,
      "picture": "uploads/2023/11/vehicle-placeholder-1.webp"
    }
  },
  {
    "model": "garage.vehiclepicture",
    "pk": 118,
    "fields": {
      "vehicle": 19,
      "picture": "uploads/2023/11/vehicle-placeholder-2.webp"
    }
  },
  {
    "model": "garage.vehiclepicture",
    "pk": 119,
    "fields": {
      "vehicle": 19,
      "picture": "uploads/2023/11/vehicle-placeholder-3.webp"
    }
  },
  {
    "model": "garage.vehiclepicture",
    "pk": 120,
    "fields": {
      "vehicle": 19,
      "picture": "uploads/2023/11/vehicle-placeholder-4.webp"
    }
  },
  {
    "model": "garage.vehiclepicture",
    "pk": 121,
    "fields": {
      "vehicle": 19,
      "picture": "uploads/2023/11/vehicle-placeholder-5.webp"
    }
  },
  {
    "model": "garage.vehiclepicture",
    "pk": 122,
    "fields": {
      "vehicle": 20,
      "picture": "uploads/2023/11/mercedes-c-class.webp"
    }
  },
  {
    "model": "garage.vehiclepicture",
    "pk": 123,
    "fields": {
      "vehicle": 20,
      "picture": "uploads/2023/11/vehicle-placeholder-1.webp"
    }
  },
  {
    "model": "garage.vehiclepicture",
    "pk": 124,
    "fields": {
      "vehicle": 20,
      "picture": "uploads/2023/11/vehicle-placeholder-2.webp"
    }
  },
  {
    "model": "garage.vehiclepicture",
    "pk": 125,
    "fields": {
      "vehicle": 20,
      "picture": "uploads/2023/11/vehicle-placeholder-3.webp"
    }
  },
  {
    "model": "garage.vehiclepicture",
    "pk": 126,
    "fields": {
      "vehicle": 20,
      "picture": "uploads/2023/11/vehicle-placeholder-4.webp"
    }
  },
  {
    "model": "garage.vehiclepicture",
    "pk": 127,
    "fields": {
      "vehicle": 20,
      "picture": "uploads/2023/11/vehicle-placeholder-5.webp"
    }
  },
  {
    "model": "garage.vehiclepicture",
    "pk": 128,
    "fields": {
      "vehicle": 21,
      "picture": "uploads/2023/11/mini-clubman.webp"
    }
  },
  {
    "model": "garage.vehiclepicture",
    "pk": 129,
    "fields": {
      "vehicle": 21,
      "picture": "uploads/2023/11/vehicle-placeholder-1.webp"
    }
  },
  {
    "model": "garage.vehiclepicture",
    "pk": 130,
    "fields": {
      "vehicle": 21,
      "picture": "uploads/2023/11/vehicle-placeholder-2.webp"
    }
  },
  {
    "model": "garage.vehiclepicture",
    "pk": 131,
    "fields": {
      "vehicle": 21,
      "picture": "uploads/2023/11/vehicle-placeholder-3.webp"
    }
  },
  {
    "model": "garage.vehiclepicture",
    "pk": 132,
    "fields": {
      "vehicle": 21,
      "picture": "uploads/2023/11/vehicle-placeholder-4.webp"
    }
  },
  {
    "model": "garage.vehiclepicture",
    "pk": 133,
    "fields": {
      "vehicle": 21,
      "picture": "uploads/2023/11/vehicle-placeholder-5.webp"
    }
  },
  {
    "model": "garage.vehiclepicture",
    "pk": 134,
    "fields": {
      "vehicle": 22,
      "picture": "uploads/2023/11/nissan-altima.webp"
    }
  },
  {
    "model": "garage.vehiclepicture",
    "pk": 135,
    "fields": {
      "vehicle": 22,
      "picture": "uploads/2023/11/vehicle-placeholder-1.webp"
    }
  },
  {
    "model": "garage.vehiclepicture",
    "pk": 136,
    "fields": {
      "vehicle": 22,
      "picture": "uploads/2023/11/vehicle-placeholder-2.webp"
    }
  },
  {
    "model": "garage.vehiclepicture",
    "pk": 137,
    "fields": {
      "vehicle": 22,
      "picture": "uploads/2023/11/vehicle-placeholder-3.webp"
    }
  },
  {
    "model": "garage.vehiclepicture",
    "pk": 138,
    "fields": {
      "vehicle": 22,
      "picture": "uploads/2023/11/vehicle-placeholder-4.webp"
    }
  },
  {
    "model": "garage.vehiclepicture",
    "pk": 139,
    "fields": {
      "vehicle": 22,
      "picture": "uploads/2023/11/vehicle-placeholder-5.webp"
    }
  },
  {
    "model": "garage.vehiclepicture",
    "pk": 140,
    "fields": {
      "vehicle": 23,
      "picture": "uploads/2023/11/nissan-gt-r.webp"
    }
  },
  {
    "model": "garage.vehiclepicture",
    "pk": 141,
    "fields": {
      "vehicle": 23,
      "picture": "uploads/2023/11/vehicle-placeholder-1.webp"
    }
  },
  {
    "model": "garage.vehiclepicture",
    "pk": 142,
    "fields": {
      "vehicle": 23,
      "picture": "uploads/2023/11/vehicle-placeholder-2.webp"
    }
  },
  {
    "model": "garage.vehiclepicture",
    "pk": 143,
    "fields": {
      "vehicle": 23,
      "picture": "uploads/2023/11/vehicle-placeholder-3.webp"
    }
  },
  {
    "model": "garage.vehiclepicture",
    "pk": 144,
    "fields": {
      "vehicle": 23,
      "picture": "uploads/2023/11/vehicle-placeholder-4.webp"
    }
  },
  {
    "model": "garage.vehiclepicture",
    "pk": 145,
    "fields": {
      "vehicle": 23,
      "picture": "uploads/2023/11/vehicle-placeholder-5.webp"
    }
  },
  {
    "model": "garage.vehiclepicture",
    "pk": 146,
    "fields": {
      "vehicle": 24,
      "picture": "uploads/2023/11/nissan-micra.webp"
    }
  },
  {
    "model": "garage.vehiclepicture",
    "pk": 147,
    "fields": {
      "vehicle": 24,
      "picture": "uploads/2023/11/vehicle-placeholder-1.webp"
    }
  },
  {
    "model": "garage.vehiclepicture",
    "pk": 148,
    "fields": {
      "vehicle": 24,
      "picture": "uploads/2023/11/vehicle-placeholder-2.webp"
    }
  },
  {
    "model": "garage.vehiclepicture",
    "pk": 149,
    "fields": {
      "vehicle": 24,
      "picture": "uploads/2023/11/vehicle-placeholder-3.webp"
    }
  },
  {
    "model": "garage.vehiclepicture",
    "pk": 150,
    "fields": {
      "vehicle": 24,
      "picture": "uploads/2023/11/vehicle-placeholder-4.webp"
    }
  },
  {
    "model": "garage.vehiclepicture",
    "pk": 151,
    "fields": {
      "vehicle": 24,
      "picture": "uploads/2023/11/vehicle-placeholder-5.webp"
    }
  },
  {
    "model": "garage.vehiclepicture",
    "pk": 152,
    "fields": {
      "vehicle": 25,
      "picture": "uploads/2023/11/nissan-rogue.webp"
    }
  },
  {
    "model": "garage.vehiclepicture",
    "pk": 153,
    "fields": {
      "vehicle": 25,
      "picture": "uploads/2023/11/vehicle-placeholder-1.webp"
    }
  },
  {
    "model": "garage.vehiclepicture",
    "pk": 154,
    "fields": {
      "vehicle": 25,
      "picture": "uploads/2023/11/vehicle-placeholder-2.webp"
    }
  },
  {
    "model": "garage.vehiclepicture",
    "pk": 155,
    "fields": {
      "vehicle": 25,
      "picture": "uploads/2023/11/vehicle-placeholder-3.webp"
    }
  },
  {
    "model": "garage.vehiclepicture",
    "pk": 156,
    "fields": {
      "vehicle": 25,
      "picture": "uploads/2023/11/vehicle-placeholder-4.webp"
    }
  },
  {
    "model": "garage.vehiclepicture",
    "pk": 157,
    "fields": {
      "vehicle": 25,
      "picture": "uploads/2023/11/vehicle-placeholder-5.webp"
    }
  },
  {
    "model": "garage.vehiclepicture",
    "pk": 158,
    "fields": {
      "vehicle": 26,
      "picture": "uploads/2023/11/peugeot-208.webp"
    }
  },
  {
    "model": "garage.vehiclepicture",
    "pk": 159,
    "fields": {
      "vehicle": 26,
      "picture": "uploads/2023/11/vehicle-placeholder-1.webp"
    }
  },
  {
    "model": "garage.vehiclepicture",
    "pk": 160,
    "fields": {
      "vehicle": 26,
      "picture": "uploads/2023/11/vehicle-placeholder-2.webp"
    }
  },
  {
    "model": "garage.vehiclepicture",
    "pk": 161,
    "fields": {
      "vehicle": 26,
      "picture": "uploads/2023/11/vehicle-placeholder-3.webp"
    }
  },
  {
    "model": "garage.vehiclepicture",
    "pk": 162,
    "fields": {
      "vehicle": 26,
      "picture": "uploads/2023/11/vehicle-placeholder-4.webp"
    }
  },
  {
    "model": "garage.vehiclepicture",
    "pk": 163,
    "fields": {
      "vehicle": 26,
      "picture": "uploads/2023/11/vehicle-placeholder-5.webp"
    }
  },
  {
    "model": "garage.vehiclepicture",
    "pk": 164,
    "fields": {
      "vehicle": 27,
      "picture": "uploads/2023/11/porsche-panamera.webp"
    }
  },
  {
    "model": "garage.vehiclepicture",
    "pk": 165,
    "fields": {
      "vehicle": 27,
      "picture": "uploads/2023/11/vehicle-placeholder-1.webp"
    }
  },
  {
    "model": "garage.vehiclepicture",
    "pk": 166,
    "fields": {
      "vehicle": 27,
      "picture": "uploads/2023/11/vehicle-placeholder-2.webp"
    }
  },
  {
    "model": "garage.vehiclepicture",
    "pk": 167,
    "fields": {
      "vehicle": 27,
      "picture": "uploads/2023/11/vehicle-placeholder-3.webp"
    }
  },
  {
    "model": "garage.vehiclepicture",
    "pk": 168,
    "fields": {
      "vehicle": 27,
      "picture": "uploads/2023/11/vehicle-placeholder-4.webp"
    }
  },
  {
    "model": "garage.vehiclepicture",
    "pk": 169,
    "fields": {
      "vehicle": 27,
      "picture": "uploads/2023/11/vehicle-placeholder-5.webp"
    }
  },
  {
    "model": "garage.vehiclepicture",
    "pk": 170,
    "fields": {
      "vehicle": 28,
      "picture": "uploads/2023/11/renault-kadjar.webp"
    }
  },
  {
    "model": "garage.vehiclepicture",
    "pk": 171,
    "fields": {
      "vehicle": 28,
      "picture": "uploads/2023/11/vehicle-placeholder-1.webp"
    }
  },
  {
    "model": "garage.vehiclepicture",
    "pk": 172,
    "fields": {
      "vehicle": 28,
      "picture": "uploads/2023/11/vehicle-placeholder-2.webp"
    }
  },
  {
    "model": "garage.vehiclepicture",
    "pk": 173,
    "fields": {
      "vehicle": 28,
      "picture": "uploads/2023/11/vehicle-placeholder-3.webp"
    }
  },
  {
    "model": "garage.vehiclepicture",
    "pk": 174,
    "fields": {
      "vehicle": 28,
      "picture": "uploads/2023/11/vehicle-placeholder-4.webp"
    }
  },
  {
    "model": "garage.vehiclepicture",
    "pk": 175,
    "fields": {
      "vehicle": 28,
      "picture": "uploads/2023/11/vehicle-placeholder-5.webp"
    }
  },
  {
    "model": "garage.vehiclepicture",
    "pk": 176,
    "fields": {
      "vehicle": 29,
      "picture": "uploads/2023/11/renault-scenic.webp"
    }
  },
  {
    "model": "garage.vehiclepicture",
    "pk": 177,
    "fields": {
      "vehicle": 29,
      "picture": "uploads/2023/11/vehicle-placeholder-1.webp"
    }
  },
  {
    "model": "garage.vehiclepicture",
    "pk": 178,
    "fields": {
      "vehicle": 29,
      "picture": "uploads/2023/11/vehicle-placeholder-2.webp"
    }
  },
  {
    "model": "garage.vehiclepicture",
    "pk": 179,
    "fields": {
      "vehicle": 29,
      "picture": "uploads/2023/11/vehicle-placeholder-3.webp"
    }
  },
  {
    "model": "garage.vehiclepicture",
    "pk": 180,
    "fields": {
      "vehicle": 29,
      "picture": "uploads/2023/11/vehicle-placeholder-4.webp"
    }
  },
  {
    "model": "garage.vehiclepicture",
    "pk": 181,
    "fields": {
      "vehicle": 29,
      "picture": "uploads/2023/11/vehicle-placeholder-5.webp"
    }
  },
  {
    "model": "garage.vehiclepicture",
    "pk": 182,
    "fields": {
      "vehicle": 30,
      "picture": "uploads/2023/11/seat-ibiza.webp"
    }
  },
  {
    "model": "garage.vehiclepicture",
    "pk": 183,
    "fields": {
      "vehicle": 30,
      "picture": "uploads/2023/11/vehicle-placeholder-1.webp"
    }
  },
  {
    "model": "garage.vehiclepicture",
    "pk": 184,
    "fields": {
      "vehicle": 30,
      "picture": "uploads/2023/11/vehicle-placeholder-2.webp"
    }
  },
  {
    "model": "garage.vehiclepicture",
    "pk": 185,
    "fields": {
      "vehicle": 30,
      "picture": "uploads/2023/11/vehicle-placeholder-3.webp"
    }
  },
  {
    "model": "garage.vehiclepicture",
    "pk": 186,
    "fields": {
      "vehicle": 30,
      "picture": "uploads/2023/11/vehicle-placeholder-4.webp"
    }
  },
  {
    "model": "garage.vehiclepicture",
    "pk": 187,
    "fields": {
      "vehicle": 30,
      "picture": "uploads/2023/11/vehicle-placeholder-5.webp"
    }
  },
  {
    "model": "garage.vehiclepicture",
    "pk": 188,
    "fields": {
      "vehicle": 31,
      "picture": "uploads/2023/11/seat-leon.webp"
    }
  },
  {
    "model": "garage.vehiclepicture",
    "pk": 189,
    "fields": {
      "vehicle": 31,
      "picture": "uploads/2023/11/vehicle-placeholder-1.webp"
    }
  },
  {
    "model": "garage.vehiclepicture",
    "pk": 190,
    "fields": {
      "vehicle": 31,
      "picture": "uploads/2023/11/vehicle-placeholder-2.webp"
    }
  },
  {
    "model": "garage.vehiclepicture",
    "pk": 191,
    "fields": {
      "vehicle": 31,
      "picture": "uploads/2023/11/vehicle-placeholder-3.webp"
    }
  },
  {
    "model": "garage.vehiclepicture",
    "pk": 192,
    "fields": {
      "vehicle": 31,
      "picture": "uploads/2023/11/vehicle-placeholder-4.webp"
    }
  },
  {
    "model": "garage.vehiclepicture",
    "pk": 193,
    "fields": {
      "vehicle": 31,
      "picture": "uploads/2023/11/vehicle-placeholder-5.webp"
    }
  },
  {
    "model": "garage.vehiclepicture",
    "pk": 194,
    "fields": {
      "vehicle": 32,
      "picture": "uploads/2023/11/skoda-fabia.webp"
    }
  },
  {
    "model": "garage.vehiclepicture",
    "pk": 195,
    "fields": {
      "vehicle": 32,
      "picture": "uploads/2023/11/vehicle-placeholder-1.webp"
    }
  },
  {
    "model": "garage.vehiclepicture",
    "pk": 196,
    "fields": {
      "vehicle": 32,
      "picture": "uploads/2023/11/vehicle-placeholder-2.webp"
    }
  },
  {
    "model": "garage.vehiclepicture",
    "pk": 197,
    "fields": {
      "vehicle": 32,
      "picture": "uploads/2023/11/vehicle-placeholder-3.webp"
    }
  },
  {
    "model": "garage.vehiclepicture",
    "pk": 198,
    "fields": {
      "vehicle": 32,
      "picture": "uploads/2023/11/vehicle-placeholder-4.webp"
    }
  },
  {
    "model": "garage.vehiclepicture",
    "pk": 199,
    "fields": {
      "vehicle": 32,
      "picture": "uploads/2023/11/vehicle-placeholder-5.webp"
    }
  },
  {
    "model": "garage.vehiclepicture",
    "pk": 200,
    "fields": {
      "vehicle": 33,
      "picture": "uploads/2023/11/skoda-felicia.webp"
    }
  },
  {
    "model": "garage.vehiclepicture",
    "pk": 201,
    "fields": {
      "vehicle": 33,
      "picture": "uploads/2023/11/vehicle-placeholder-1.webp"
    }
  },
  {
    "model": "garage.vehiclepicture",
    "pk": 202,
    "fields": {
      "vehicle": 33,
      "picture": "uploads/2023/11/vehicle-placeholder-2.webp"
    }
  },
  {
    "model": "garage.vehiclepicture",
    "pk": 203,
    "fields": {
      "vehicle": 33,
      "picture": "uploads/2023/11/vehicle-placeholder-3.webp"
    }
  },
  {
    "model": "garage.vehiclepicture",
    "pk": 204,
    "fields": {
      "vehicle": 33,
      "picture": "uploads/2023/11/vehicle-placeholder-4.webp"
    }
  },
  {
    "model": "garage.vehiclepicture",
    "pk": 205,
    "fields": {
      "vehicle": 33,
      "picture": "uploads/2023/11/vehicle-placeholder-5.webp"
    }
  },
  {
    "model": "garage.vehiclepicture",
    "pk": 206,
    "fields": {
      "vehicle": 34,
      "picture": "uploads/2023/11/skoda-octavia.webp"
    }
  },
  {
    "model": "garage.vehiclepicture",
    "pk": 207,
    "fields": {
      "vehicle": 34,
      "picture": "uploads/2023/11/vehicle-placeholder-1.webp"
    }
  },
  {
    "model": "garage.vehiclepicture",
    "pk": 208,
    "fields": {
      "vehicle": 34,
      "picture": "uploads/2023/11/vehicle-placeholder-2.webp"
    }
  },
  {
    "model": "garage.vehiclepicture",
    "pk": 209,
    "fields": {
      "vehicle": 34,
      "picture": "uploads/2023/11/vehicle-placeholder-3.webp"
    }
  },
  {
    "model": "garage.vehiclepicture",
    "pk": 210,
    "fields": {
      "vehicle": 34,
      "picture": "uploads/2023/11/vehicle-placeholder-4.webp"
    }
  },
  {
    "model": "garage.vehiclepicture",
    "pk": 211,
    "fields": {
      "vehicle": 34,
      "picture": "uploads/2023/11/vehicle-placeholder-5.webp"
    }
  },
  {
    "model": "garage.vehiclepicture",
    "pk": 212,
    "fields": {
      "vehicle": 35,
      "picture": "uploads/2023/11/tesla-model-x.webp"
    }
  },
  {
    "model": "garage.vehiclepicture",
    "pk": 213,
    "fields": {
      "vehicle": 35,
      "picture": "uploads/2023/11/vehicle-placeholder-1.webp"
    }
  },
  {
    "model": "garage.vehiclepicture",
    "pk": 214,
    "fields": {
      "vehicle": 35,
      "picture": "uploads/2023/11/vehicle-placeholder-2.webp"
    }
  },
  {
    "model": "garage.vehiclepicture",
    "pk": 215,
    "fields": {
      "vehicle": 35,
      "picture": "uploads/2023/11/vehicle-placeholder-3.webp"
    }
  },
  {
    "model": "garage.vehiclepicture",
    "pk": 216,
    "fields": {
      "vehicle": 35,
      "picture": "uploads/2023/11/vehicle-placeholder-4.webp"
    }
  },
  {
    "model": "garage.vehiclepicture",
    "pk": 217,
    "fields": {
      "vehicle": 35,
      "picture": "uploads/2023/11/vehicle-placeholder-5.webp"
    }
  },
  {
    "model": "garage.vehiclepicture",
    "pk": 218,
    "fields": {
      "vehicle": 36,
      "picture": "uploads/2023/11/toyota-avensis.webp"
    }
  },
  {
    "model": "garage.vehiclepicture",
    "pk": 219,
    "fields": {
      "vehicle": 36,
      "picture": "uploads/2023/11/vehicle-placeholder-1.webp"
    }
  },
  {
    "model": "garage.vehiclepicture",
    "pk": 220,
    "fields": {
      "vehicle": 36,
      "picture": "uploads/2023/11/vehicle-placeholder-2.webp"
    }
  },
  {
    "model": "garage.vehiclepicture",
    "pk": 221,
    "fields": {
      "vehicle": 36,
      "picture": "uploads/2023/11/vehicle-placeholder-3.webp"
    }
  },
  {
    "model": "garage.vehiclepicture",
    "pk": 222,
    "fields": {
      "vehicle": 36,
      "picture": "uploads/2023/11/vehicle-placeholder-4.webp"
    }
  },
  {
    "model": "garage.vehiclepicture",
    "pk": 223,
    "fields": {
      "vehicle": 36,
      "picture": "uploads/2023/11/vehicle-placeholder-5.webp"
    }
  },
  {
    "model": "garage.vehiclepicture",
    "pk": 224,
    "fields": {
      "vehicle": 37,
      "picture": "uploads/2023/11/toyota-highlander.webp"
    }
  },
  {
    "model": "garage.vehiclepicture",
    "pk": 225,
    "fields": {
      "vehicle": 37,
      "picture": "uploads/2023/11/vehicle-placeholder-1.webp"
    }
  },
  {
    "model": "garage.vehiclepicture",
    "pk": 226,
    "fields": {
      "vehicle": 37,
      "picture": "uploads/2023/11/vehicle-placeholder-2.webp"
    }
  },
  {
    "model": "garage.vehiclepicture",
    "pk": 227,
    "fields": {
      "vehicle": 37,
      "picture": "uploads/2023/11/vehicle-placeholder-3.webp"
    }
  },
  {
    "model": "garage.vehiclepicture",
    "pk": 228,
    "fields": {
      "vehicle": 37,
      "picture": "uploads/2023/11/vehicle-placeholder-4.webp"
    }
  },
  {
    "model": "garage.vehiclepicture",
    "pk": 229,
    "fields": {
      "vehicle": 37,
      "picture": "uploads/2023/11/vehicle-placeholder-5.webp"
    }
  },
  {
    "model": "garage.vehiclepicture",
    "pk": 230,
    "fields": {
      "vehicle": 38,
      "picture": "uploads/2023/11/toyota-rav4.webp"
    }
  },
  {
    "model": "garage.vehiclepicture",
    "pk": 231,
    "fields": {
      "vehicle": 38,
      "picture": "uploads/2023/11/vehicle-placeholder-1.webp"
    }
  },
  {
    "model": "garage.vehiclepicture",
    "pk": 232,
    "fields": {
      "vehicle": 38,
      "picture": "uploads/2023/11/vehicle-placeholder-2.webp"
    }
  },
  {
    "model": "garage.vehiclepicture",
    "pk": 233,
    "fields": {
      "vehicle": 38,
      "picture": "uploads/2023/11/vehicle-placeholder-3.webp"
    }
  },
  {
    "model": "garage.vehiclepicture",
    "pk": 234,
    "fields": {
      "vehicle": 38,
      "picture": "uploads/2023/11/vehicle-placeholder-4.webp"
    }
  },
  {
    "model": "garage.vehiclepicture",
    "pk": 235,
    "fields": {
      "vehicle": 38,
      "picture": "uploads/2023/11/vehicle-placeholder-5.webp"
    }
  },
  {
    "model": "garage.vehiclepicture",
    "pk": 236,
    "fields": {
      "vehicle": 39,
      "picture": "uploads/2023/11/toyota-tacoma.webp"
    }
  },
  {
    "model": "garage.vehiclepicture",
    "pk": 237,
    "fields": {
      "vehicle": 39,
      "picture": "uploads/2023/11/vehicle-placeholder-1.webp"
    }
  },
  {
    "model": "garage.vehiclepicture",
    "pk": 238,
    "fields": {
      "vehicle": 39,
      "picture": "uploads/2023/11/vehicle-placeholder-2.webp"
    }
  },
  {
    "model": "garage.vehiclepicture",
    "pk": 239,
    "fields": {
      "vehicle": 39,
      "picture": "uploads/2023/11/vehicle-placeholder-3.webp"
    }
  },
  {
    "model": "garage.vehiclepicture",
    "pk": 240,
    "fields": {
      "vehicle": 39,
      "picture": "uploads/2023/11/vehicle-placeholder-4.webp"
    }
  },
  {
    "model": "garage.vehiclepicture",
    "pk": 241,
    "fields": {
      "vehicle": 39,
      "picture": "uploads/2023/11/vehicle-placeholder-5.webp"
    }
  },
  {
    "model": "garage.vehiclepicture",
    "pk": 242,
    "fields": {
      "vehicle": 40,
      "picture": "uploads/2023/11/toyota-tacoma_FvhvMHZ.webp"
    }
  },
  {
    "model": "garage.vehiclepicture",
    "pk": 243,
    "fields": {
      "vehicle": 40,
      "picture": "uploads/2023/11/vehicle-placeholder-1.webp"
    }
  },
  {
    "model": "garage.vehiclepicture",
    "pk": 244,
    "fields": {
      "vehicle": 40,
      "picture": "uploads/2023/11/vehicle-placeholder-2.webp"
    }
  },
  {
    "model": "garage.vehiclepicture",
    "pk": 245,
    "fields": {
      "vehicle": 40,
      "picture": "uploads/2023/11/vehicle-placeholder-3.webp"
    }
  },
  {
    "model": "garage.vehiclepicture",
    "pk": 246,
    "fields": {
      "vehicle": 40,
      "picture": "uploads/2023/11/vehicle-placeholder-4.webp"
    }
  },
  {
    "model": "garage.vehiclepicture",
    "pk": 247,
    "fields": {
      "vehicle": 40,
      "picture": "uploads/2023/11/vehicle-placeholder-5.webp"
    }
  },
  {
    "model": "garage.vehiclepicture",
    "pk": 248,
    "fields": {
      "vehicle": 41,
      "picture": "uploads/2023/11/vauxhall-corsa.webp"
    }
  },
  {
    "model": "garage.vehiclepicture",
    "pk": 249,
    "fields": {
      "vehicle": 41,
      "picture": "uploads/2023/11/vehicle-placeholder-1.webp"
    }
  },
  {
    "model": "garage.vehiclepicture",
    "pk": 250,
    "fields": {
      "vehicle": 41,
      "picture": "uploads/2023/11/vehicle-placeholder-2.webp"
    }
  },
  {
    "model": "garage.vehiclepicture",
    "pk": 251,
    "fields": {
      "vehicle": 41,
      "picture": "uploads/2023/11/vehicle-placeholder-3.webp"
    }
  },
  {
    "model": "garage.vehiclepicture",
    "pk": 252,
    "fields": {
      "vehicle": 41,
      "picture": "uploads/2023/11/vehicle-placeholder-4.webp"
    }
  },
  {
    "model": "garage.vehiclepicture",
    "pk": 253,
    "fields": {
      "vehicle": 41,
      "picture": "uploads/2023/11/vehicle-placeholder-5.webp"
    }
  },
  {
    "model": "garage.vehiclepicture",
    "pk": 254,
    "fields": {
      "vehicle": 42,
      "picture": "uploads/2023/11/volkswagen-jetta.webp"
    }
  },
  {
    "model": "garage.vehiclepicture",
    "pk": 255,
    "fields": {
      "vehicle": 42,
      "picture": "uploads/2023/11/vehicle-placeholder-1.webp"
    }
  },
  {
    "model": "garage.vehiclepicture",
    "pk": 256,
    "fields": {
      "vehicle": 42,
      "picture": "uploads/2023/11/vehicle-placeholder-2.webp"
    }
  },
  {
    "model": "garage.vehiclepicture",
    "pk": 257,
    "fields": {
      "vehicle": 42,
      "picture": "uploads/2023/11/vehicle-placeholder-3.webp"
    }
  },
  {
    "model": "garage.vehiclepicture",
    "pk": 258,
    "fields": {
      "vehicle": 42,
      "picture": "uploads/2023/11/vehicle-placeholder-4.webp"
    }
  },
  {
    "model": "garage.vehiclepicture",
    "pk": 259,
    "fields": {
      "vehicle": 42,
      "picture": "uploads/2023/11/vehicle-placeholder-5.webp"
    }
  },
  {
    "model": "garage.vehiclepicture",
    "pk": 260,
    "fields": {
      "vehicle": 43,
      "picture": "uploads/2023/11/vw-touran.webp"
    }
  },
  {
    "model": "garage.vehiclepicture",
    "pk": 261,
    "fields": {
      "vehicle": 43,
      "picture": "uploads/2023/11/vehicle-placeholder-1.webp"
    }
  },
  {
    "model": "garage.vehiclepicture",
    "pk": 262,
    "fields": {
      "vehicle": 43,
      "picture": "uploads/2023/11/vehicle-placeholder-2.webp"
    }
  },
  {
    "model": "garage.vehiclepicture",
    "pk": 263,
    "fields": {
      "vehicle": 43,
      "picture": "uploads/2023/11/vehicle-placeholder-3.webp"
    }
  },
  {
    "model": "garage.vehiclepicture",
    "pk": 264,
    "fields": {
      "vehicle": 43,
      "picture": "uploads/2023/11/vehicle-placeholder-4.webp"
    }
  },
  {
    "model": "garage.vehiclepicture",
    "pk": 265,
    "fields": {
      "vehicle": 43,
      "picture": "uploads/2023/11/vehicle-placeholder-5.webp"
    }
  },
  {
    "model": "garage.customerreview",
    "pk": 1,
    "fields": {
      "name": "Raphaël J",
      "message": "Je suis un client régulier de Garage V.Parrot depuis deux ans maintenant et je dois dire que la qualité de leurs services ne m’a jamais déçu. \r\nDe l'entretien de routine aux réparations plus complexes, l'équipe du garage a toujours été efficace dans son travail. Ils utilisent uniquement des pièces de qualité, garantissant la longévité et la sécurité de mon véhicule.",
      "rating": 4,
      "valid": true,
      "date": "2023-10-05T14:10:58.480Z",
      "validator": 2,
      "garage": 1
    }
  },
  {
    "model": "garage.customerreview",
    "pk": 2,
    "fields": {
      "name": "Valéry Kaplan",
      "message": "Ce qui distingue le Garage V.Parrot des autres garages, c'est leur engagement à fournir le meilleur niveau de service possible. Ils apprécient vraiment leurs clients et prennent le temps d'expliquer les problèmes et les solutions de manière claire et concise. \r\nJe recommande vivement le Garage V.Parrot pour sa qualité, ses services et sa fiabilité.",
      "rating": 5,
      "valid": null,
      "date": "2023-10-05T14:18:22.945Z",
      "validator": null,
      "garage": 1
    }
  },
  {
    "model": "garage.customerreview",
    "pk": 3,
    "fields": {
      "name": "Rémi Chapuis",
      "message": "L'équipe du Garage V.Parrot est vraiment compétente et qualifiée. \r\nJ’ai eu le sentiment que mon véhicule était entre de bonnes mains. \r\nJe recommande vivement Garage V.Parrot à tous ceux qui recherchent un service de qualité, fiable et rapide pour leur véhicule.\r\nMerci au Garage V.Parrot, pour le travail bien fait !",
      "rating": 4,
      "valid": true,
      "date": "2023-10-05T14:19:21.614Z",
      "validator": 2,
      "garage": 1
    }
  },
  {
    "model": "garage.customerreview",
    "pk": 4,
    "fields": {
      "name": "Marie Dupont",
      "message": "Je tiens à exprimer ma grande satisfaction envers le Garage V.Parrot. J'ai récemment fait réparer mon véhicule chez eux et le service était impeccable. L'équipe était professionnelle, efficace et aimable. Ils ont résolu le problème rapidement et à un prix raisonnable. \r\nJe recommande ce garage à tous ceux qui ont besoin d'un service de qualité et fiable.",
      "rating": 3,
      "valid": true,
      "date": "2023-10-05T14:20:13.069Z",
      "validator": 3,
      "garage": 1
    }
  },
  {
    "model": "garage.customerreview",
    "pk": 5,
    "fields": {
      "name": "vnskjbvdjkohizabhiogfn",
      "message": "zfaoiebuzebgoiehgioahtubiugbjzerabg",
      "rating": 0,
      "valid": false,
      "date": "2023-10-05T14:21:39.886Z",
      "validator": 3,
      "garage": 1
    }
  },
  {
    "model": "garage.customerreview",
    "pk": 6,
    "fields": {
      "name": "Julien Martin",
      "message": "Je suis extrêmement satisfait des services offerts par le Garage V.Parrot. \r\n\r\nJ'ai amené ma voiture pour une révision et j'ai été impressionné par l'accueil chaleureux du personnel et leur expertise. Ils ont fait un excellent travail et m'ont expliqué en détail toutes les réparations effectuées. Le prix était également très compétitif. \r\n\r\nJe recommande vivement ce garage à tous ceux qui recherchent un service de confiance.",
      "rating": 3,
      "valid": null,
      "date": "2023-10-05T14:22:20.848Z",
      "validator": null,
      "garage": 1
    }
  },
  {
    "model": "garage.customerreview",
    "pk": 7,
    "fields": {
      "name": "Isabelle Leclerc",
      "message": "Je suis très contente d'avoir choisi le Garage V.Parrot pour la réparation de ma voiture. Ils ont résolu le problème rapidement et efficacement. Leur équipe est compétente, professionnelle et sympathique. \r\nDe plus, le prix était raisonnable et transparent, sans surprises. Je suis entièrement satisfaite du service et je les recommande à tous ceux qui ont besoin d'un excellent garage.",
      "rating": 5,
      "valid": true,
      "date": "2023-10-05T14:23:11.635Z",
      "validator": 3,
      "garage": 1
    }
  },
  {
    "model": "garage.customerreview",
    "pk": 8,
    "fields": {
      "name": "Thomas Dubois",
      "message": "Je tenais à remercier le Garage V.Parrot pour leur excellent travail. \r\nJ'ai fait réparer ma voiture chez eux et je suis très impressionné par leur professionnalisme et leur fiabilité. Leur équipe a résolu le problème rapidement avec des compétences remarquables. \r\nDe plus, le prix était très raisonnable pour les réparations effectuées. Je recommande vivement ce garage à tous ceux qui ont besoin d'un service de qualité supérieure.",
      "rating": 2,
      "valid": true,
      "date": "2023-10-05T14:23:52.387Z",
      "validator": 2,
      "garage": 1
    }
  },
  {
    "model": "garage.customerreview",
    "pk": 9,
    "fields": {
      "name": "Sergio",
      "message": "Bof, que des incompétents.\r\nJe ne reviendrai plus.",
      "rating": 1,
      "valid": false,
      "date": "2023-10-05T14:25:00.377Z",
      "validator": 3,
      "garage": 1
    }
  },
  {
    "model": "garage.customermessage",
    "pk": 1,
    "fields": {
      "first_name": "Marion",
      "last_name": "Petit",
      "email": "marion-petit@yahoo.fr",
      "phone_number": "0655428910",
      "subject": "Volvo Xc40",
      "message": "Bonjour,\r\nje suis intéressée par une voiture d'occasion que j'ai vue sur votre site web, une Volvo Xc40. Pouvez-vous me donner plus d'informations sur les caractéristiques du véhicule ?\r\nManon Petit",
      "date": "2023-10-05T14:27:00.632Z",
      "garage": 1
    }
  },
  {
    "model": "garage.customermessage",
    "pk": 2,
    "fields": {
      "first_name": "Nicolas",
      "last_name": "Durand",
      "email": "nico.durand@outlook.fr",
      "phone_number": "0953886752",
      "subject": "Avancement des travaux sur ma voiture",
      "message": "Bonjour,\r\nje voulais savoir où en est la réparation de ma voiture que j'ai déposée chez vous la semaine dernière. Pouvez-vous me donner l'avancement des travaux ? Merci.\r\nBien cordialement,\r\nNicolas Lambert",
      "date": "2023-10-05T14:28:02.549Z",
      "garage": 1
    }
  },
  {
    "model": "garage.customermessage",
    "pk": 3,
    "fields": {
      "first_name": "Sophie",
      "last_name": "Lambert",
      "email": "sophie.lb@gmail.com",
      "phone_number": "0623894099",
      "subject": "Prise de rendez-vous",
      "message": "Bonjour, \r\nJe m'appelle Sophie Dubois et je souhaite prendre rendez-vous pour une révision de ma moto. Pouvez-vous me dire quand vous avez des disponibilités ? Vous pouvez me recontacter par email ou par téléphone en fin d'après-midi. \r\nCordialement, Sophie Dubois",
      "date": "2023-10-05T14:29:43.056Z",
      "garage": 1
    }
  },
  {
    "model": "garage.customermessage",
    "pk": 4,
    "fields": {
      "first_name": "Martin",
      "last_name": "Duval",
      "email": "martinduval@gmail.com",
      "phone_number": "0189395641",
      "subject": null,
      "message": "Bonjour, \r\n\r\nj'ai besoin de faire réparer ma voiture qui a des problèmes de freins. Je ne sais pas d'où provient ce problème. J'aimerais vous amener ma voiture pour un diagnostique. Avez vous des disponibilités en semaine, en fin de journée ? \r\nMerci d'avance, \r\nMartin Dupont",
      "date": "2023-10-05T14:30:24.085Z",
      "garage": 1
    }
  },
  {
    "model": "garage.customermessage",
    "pk": 5,
    "fields": {
      "first_name": "Pierre",
      "last_name": "Gonthier",
      "email": "pierre.gonthier@icloud.com",
      "phone_number": "0645982376",
      "subject": "Audi E-tron",
      "message": "Bonjour, je serais intéressé par un de vos véhicules d'occasion, une Audi E tron. \r\nMerci d'avance, Cordialement, \r\nPierre Durand",
      "date": "2023-10-05T14:31:07.746Z",
      "garage": 1
    }
  },
  {
    "model": "admin.logentry",
    "pk": 79,
    "fields": {
      "action_time": "2023-11-16T11:42:09.551Z",
      "user": 1,
      "content_type": 8,
      "object_id": "6",
      "object_repr": "Message de Clément Floret reçu le 16/11/2023, 12:39:32",
      "action_flag": 3,
      "change_message": ""
    }
  },
  {
    "model": "admin.logentry",
    "pk": 80,
    "fields": {
      "action_time": "2023-11-16T16:30:05.226Z",
      "user": 1,
      "content_type": 8,
      "object_id": "12",
      "object_repr": "Message de Clé Fl reçu le 16/11/2023, 13:53:27",
      "action_flag": 3,
      "change_message": ""
    }
  },
  {
    "model": "admin.logentry",
    "pk": 81,
    "fields": {
      "action_time": "2023-11-16T16:30:05.236Z",
      "user": 1,
      "content_type": 8,
      "object_id": "11",
      "object_repr": "Message de Clément Floret reçu le 16/11/2023, 13:52:27",
      "action_flag": 3,
      "change_message": ""
    }
  },
  {
    "model": "admin.logentry",
    "pk": 82,
    "fields": {
      "action_time": "2023-11-16T16:30:05.237Z",
      "user": 1,
      "content_type": 8,
      "object_id": "10",
      "object_repr": "Message de Clé Fl reçu le 16/11/2023, 13:51:09",
      "action_flag": 3,
      "change_message": ""
    }
  },
  {
    "model": "admin.logentry",
    "pk": 83,
    "fields": {
      "action_time": "2023-11-16T16:30:05.239Z",
      "user": 1,
      "content_type": 8,
      "object_id": "9",
      "object_repr": "Message de Clément Floret reçu le 16/11/2023, 13:50:12",
      "action_flag": 3,
      "change_message": ""
    }
  },
  {
    "model": "admin.logentry",
    "pk": 84,
    "fields": {
      "action_time": "2023-11-16T16:30:05.239Z",
      "user": 1,
      "content_type": 8,
      "object_id": "8",
      "object_repr": "Message de Clément Floret reçu le 16/11/2023, 13:48:53",
      "action_flag": 3,
      "change_message": ""
    }
  },
  {
    "model": "admin.logentry",
    "pk": 85,
    "fields": {
      "action_time": "2023-11-16T16:30:05.240Z",
      "user": 1,
      "content_type": 8,
      "object_id": "7",
      "object_repr": "Message de Clément Floret reçu le 16/11/2023, 13:31:59",
      "action_flag": 3,
      "change_message": ""
    }
  },
  {
    "model": "admin.logentry",
    "pk": 86,
    "fields": {
      "action_time": "2023-11-17T19:04:56.514Z",
      "user": 1,
      "content_type": 7,
      "object_id": "11",
      "object_repr": "Témoignage de clément reçu le 17/11/2023, 20:04:18",
      "action_flag": 3,
      "change_message": ""
    }
  },
  {
    "model": "admin.logentry",
    "pk": 87,
    "fields": {
      "action_time": "2023-11-17T19:08:55.938Z",
      "user": 1,
      "content_type": 8,
      "object_id": "13",
      "object_repr": "Message de clément floret reçu le 17/11/2023, 20:07:54",
      "action_flag": 3,
      "change_message": ""
    }
  },
  {
    "model": "admin.logentry",
    "pk": 88,
    "fields": {
      "action_time": "2023-11-17T19:09:09.668Z",
      "user": 1,
      "content_type": 8,
      "object_id": "14",
      "object_repr": "Message de catherine floret reçu le 17/11/2023, 20:08:29",
      "action_flag": 3,
      "change_message": ""
    }
  },
  {
    "model": "sessions.session",
    "pk": "gk9l4t9vma0ib9tkx4gesx3c9zu3h212",
    "fields": {
      "session_data": ".eJxVjMsOwiAQRf-FtSHDoxRduu83kIEZpGogKe3K-O_apAvd3nPOfYmA21rC1nkJM4mLUOL0u0VMD647oDvWW5Op1XWZo9wVedAup0b8vB7u30HBXr41JNAwGqf8mIHQkLHGsQWwDA6YtHVJez_QmTS47DOCjQNizEisshbvD7p7N7E:1r3DWx:DQlJJ0Q9T_YXKW0Sftp0UYE6wTKThN9zcCntro2l3tU",
      "expire_date": "2023-11-29T10:53:59.971Z"
    }
  },
  {
    "model": "sessions.session",
    "pk": "rdlen77le46pnnx7ha3z1iu6zn0u7y8l",
    "fields": {
      "session_data": ".eJxVjMsOwiAQRf-FtSHDoxRduu83kIEZpGogKe3K-O_apAvd3nPOfYmA21rC1nkJM4mLUOL0u0VMD647oDvWW5Op1XWZo9wVedAup0b8vB7u30HBXr41JNAwGqf8mIHQkLHGsQWwDA6YtHVJez_QmTS47DOCjQNizEisshbvD7p7N7E:1r44WH:70JQPE3q1nrp0qT7nVcNrwykkq-M76aIpDB06C6mPuA",
      "expire_date": "2023-12-01T19:28:49.441Z"
    }
  },
  {
    "model": "sessions.session",
    "pk": "zx4qgvtmtpqvk1q04o4glkxssoromwpg",
    "fields": {
      "session_data": ".eJxVjEEOwiAQRe_C2hAdoBSX7nsGMjOMUjWQlHZlvLuSdKHb997_LxVxW3PcmixxTuqsTurwywj5IaWLdMdyq5prWZeZdE_0bpueapLnZW__DjK2_F3TaJBMuNJgg6eRrcMgnUBgJGBwFBi8sBfvvQUjZIeECR2YIxCp9wf91TiQ:1quxHU:Sky5oYLcMvfPHBAW6L56kUItN5urreNvGTvvu6H8knM",
      "expire_date": "2023-11-06T15:55:52.015Z"
    }
  }
]